image_path,label
E:\2025\2025_12\LLM\RAG\EldenRing_RAG\data\game_images\20251203_151414\page_100_1.jpg,
E:\2025\2025_12\LLM\RAG\EldenRing_RAG\data\game_images\20251203_151414\page_100_2.jpg,
E:\2025\2025_12\LLM\RAG\EldenRing_RAG\data\game_images\20251203_151414\page_100_3.jpg,
E:\2025\2025_12\LLM\RAG\EldenRing_RAG\data\game_images\20251203_151414\page_101_1.jpg,
E:\2025\2025_12\LLM\RAG\EldenRing_RAG\data\game_images\20251203_151414\page_101_2.jpg,
E:\2025\2025_12\LLM\RAG\EldenRing_RAG\data\game_images\20251203_151414\page_101_3.jpg,
E:\2025\2025_12\LLM\RAG\EldenRing_RAG\data\game_images\20251203_151414\page_101_4.jpg,
E:\2025\2025_12\LLM\RAG\EldenRing_RAG\data\game_images\20251203_151414\page_101_5.jpg,
E:\2025\2025_12\LLM\RAG\EldenRing_RAG\data\game_images\20251203_151414\page_101_6.jpg,
E:\2025\2025_12\LLM\RAG\EldenRing_RAG\data\game_images\20251203_151414\page_101_7.jpg,
E:\2025\2025_12\LLM\RAG\EldenRing_RAG\data\game_images\20251203_151414\page_101_8.jpg,
E:\2025\2025_12\LLM\RAG\EldenRing_RAG\data\game_images\20251203_151414\page_101_9.jpg,
E:\2025\2025_12\LLM\RAG\EldenRing_RAG\data\game_images\20251203_151414\page_102_1.jpg,
E:\2025\2025_12\LLM\RAG\EldenRing_RAG\data\game_images\20251203_151414\page_102_2.jpg,
E:\2025\2025_12\LLM\RAG\EldenRing_RAG\data\game_images\20251203_151414\page_103_1.jpg,
E:\2025\2025_12\LLM\RAG\EldenRing_RAG\data\game_images\20251203_151414\page_103_2.jpg,
E:\2025\2025_12\LLM\RAG\EldenRing_RAG\data\game_images\20251203_151414\page_103_3.jpg,
E:\2025\2025_12\LLM\RAG\EldenRing_RAG\data\game_images\20251203_151414\page_103_4.jpg,
E:\2025\2025_12\LLM\RAG\EldenRing_RAG\data\game_images\20251203_151414\page_103_5.jpg,
E:\2025\2025_12\LLM\RAG\EldenRing_RAG\data\game_images\20251203_151414\page_104_1.jpg,
E:\2025\2025_12\LLM\RAG\EldenRing_RAG\data\game_images\20251203_151414\page_104_2.jpg,
E:\2025\2025_12\LLM\RAG\EldenRing_RAG\data\game_images\20251203_151414\page_104_3.jpg,
E:\2025\2025_12\LLM\RAG\EldenRing_RAG\data\game_images\20251203_151414\page_104_4.jpg,
E:\2025\2025_12\LLM\RAG\EldenRing_RAG\data\game_images\20251203_151414\page_105_1.jpg,
E:\2025\2025_12\LLM\RAG\EldenRing_RAG\data\game_images\20251203_151414\page_105_2.jpg,
E:\2025\2025_12\LLM\RAG\EldenRing_RAG\data\game_images\20251203_151414\page_105_3.jpg,
E:\2025\2025_12\LLM\RAG\EldenRing_RAG\data\game_images\20251203_151414\page_106_1.jpg,
E:\2025\2025_12\LLM\RAG\EldenRing_RAG\data\game_images\20251203_151414\page_106_2.jpg,
E:\2025\2025_12\LLM\RAG\EldenRing_RAG\data\game_images\20251203_151414\page_106_3.jpg,
E:\2025\2025_12\LLM\RAG\EldenRing_RAG\data\game_images\20251203_151414\page_106_4.jpg,
E:\2025\2025_12\LLM\RAG\EldenRing_RAG\data\game_images\20251203_151414\page_106_5.jpg,
E:\2025\2025_12\LLM\RAG\EldenRing_RAG\data\game_images\20251203_151414\page_106_6.jpg,
E:\2025\2025_12\LLM\RAG\EldenRing_RAG\data\game_images\20251203_151414\page_106_7.jpg,
E:\2025\2025_12\LLM\RAG\EldenRing_RAG\data\game_images\20251203_151414\page_106_8.jpg,
E:\2025\2025_12\LLM\RAG\EldenRing_RAG\data\game_images\20251203_151414\page_107_1.jpg,
E:\2025\2025_12\LLM\RAG\EldenRing_RAG\data\game_images\20251203_151414\page_107_2.jpg,
E:\2025\2025_12\LLM\RAG\EldenRing_RAG\data\game_images\20251203_151414\page_107_3.jpg,
E:\2025\2025_12\LLM\RAG\EldenRing_RAG\data\game_images\20251203_151414\page_108_1.jpg,
E:\2025\2025_12\LLM\RAG\EldenRing_RAG\data\game_images\20251203_151414\page_108_10.jpg,
E:\2025\2025_12\LLM\RAG\EldenRing_RAG\data\game_images\20251203_151414\page_108_11.jpg,
E:\2025\2025_12\LLM\RAG\EldenRing_RAG\data\game_images\20251203_151414\page_108_12.jpg,
E:\2025\2025_12\LLM\RAG\EldenRing_RAG\data\game_images\20251203_151414\page_108_2.jpg,
E:\2025\2025_12\LLM\RAG\EldenRing_RAG\data\game_images\20251203_151414\page_108_3.jpg,
E:\2025\2025_12\LLM\RAG\EldenRing_RAG\data\game_images\20251203_151414\page_108_4.jpg,
E:\2025\2025_12\LLM\RAG\EldenRing_RAG\data\game_images\20251203_151414\page_108_5.jpg,
E:\2025\2025_12\LLM\RAG\EldenRing_RAG\data\game_images\20251203_151414\page_108_6.jpg,
E:\2025\2025_12\LLM\RAG\EldenRing_RAG\data\game_images\20251203_151414\page_108_7.jpg,
E:\2025\2025_12\LLM\RAG\EldenRing_RAG\data\game_images\20251203_151414\page_108_8.jpg,
E:\2025\2025_12\LLM\RAG\EldenRing_RAG\data\game_images\20251203_151414\page_108_9.jpg,
E:\2025\2025_12\LLM\RAG\EldenRing_RAG\data\game_images\20251203_151414\page_109_1.jpg,
E:\2025\2025_12\LLM\RAG\EldenRing_RAG\data\game_images\20251203_151414\page_109_2.jpg,
E:\2025\2025_12\LLM\RAG\EldenRing_RAG\data\game_images\20251203_151414\page_109_3.jpg,
E:\2025\2025_12\LLM\RAG\EldenRing_RAG\data\game_images\20251203_151414\page_109_4.jpg,
E:\2025\2025_12\LLM\RAG\EldenRing_RAG\data\game_images\20251203_151414\page_109_5.jpg,
E:\2025\2025_12\LLM\RAG\EldenRing_RAG\data\game_images\20251203_151414\page_109_6.jpg,
E:\2025\2025_12\LLM\RAG\EldenRing_RAG\data\game_images\20251203_151414\page_10_1.jpg,
E:\2025\2025_12\LLM\RAG\EldenRing_RAG\data\game_images\20251203_151414\page_10_2.jpg,
E:\2025\2025_12\LLM\RAG\EldenRing_RAG\data\game_images\20251203_151414\page_10_3.jpg,
E:\2025\2025_12\LLM\RAG\EldenRing_RAG\data\game_images\20251203_151414\page_10_4.jpg,
E:\2025\2025_12\LLM\RAG\EldenRing_RAG\data\game_images\20251203_151414\page_10_5.jpg,
E:\2025\2025_12\LLM\RAG\EldenRing_RAG\data\game_images\20251203_151414\page_10_6.jpg,
E:\2025\2025_12\LLM\RAG\EldenRing_RAG\data\game_images\20251203_151414\page_110_1.jpg,
E:\2025\2025_12\LLM\RAG\EldenRing_RAG\data\game_images\20251203_151414\page_110_2.jpg,
E:\2025\2025_12\LLM\RAG\EldenRing_RAG\data\game_images\20251203_151414\page_110_3.jpg,
E:\2025\2025_12\LLM\RAG\EldenRing_RAG\data\game_images\20251203_151414\page_110_4.jpg,
E:\2025\2025_12\LLM\RAG\EldenRing_RAG\data\game_images\20251203_151414\page_111_1.jpg,
E:\2025\2025_12\LLM\RAG\EldenRing_RAG\data\game_images\20251203_151414\page_111_2.jpg,
E:\2025\2025_12\LLM\RAG\EldenRing_RAG\data\game_images\20251203_151414\page_112_1.jpg,
E:\2025\2025_12\LLM\RAG\EldenRing_RAG\data\game_images\20251203_151414\page_112_10.jpg,
E:\2025\2025_12\LLM\RAG\EldenRing_RAG\data\game_images\20251203_151414\page_112_11.jpg,
E:\2025\2025_12\LLM\RAG\EldenRing_RAG\data\game_images\20251203_151414\page_112_12.jpg,
E:\2025\2025_12\LLM\RAG\EldenRing_RAG\data\game_images\20251203_151414\page_112_2.jpg,
E:\2025\2025_12\LLM\RAG\EldenRing_RAG\data\game_images\20251203_151414\page_112_3.jpg,
E:\2025\2025_12\LLM\RAG\EldenRing_RAG\data\game_images\20251203_151414\page_112_4.jpg,
E:\2025\2025_12\LLM\RAG\EldenRing_RAG\data\game_images\20251203_151414\page_112_5.jpg,
E:\2025\2025_12\LLM\RAG\EldenRing_RAG\data\game_images\20251203_151414\page_112_6.jpg,
E:\2025\2025_12\LLM\RAG\EldenRing_RAG\data\game_images\20251203_151414\page_112_7.jpg,
E:\2025\2025_12\LLM\RAG\EldenRing_RAG\data\game_images\20251203_151414\page_112_8.jpg,
E:\2025\2025_12\LLM\RAG\EldenRing_RAG\data\game_images\20251203_151414\page_112_9.jpg,
E:\2025\2025_12\LLM\RAG\EldenRing_RAG\data\game_images\20251203_151414\page_113_1.jpg,
E:\2025\2025_12\LLM\RAG\EldenRing_RAG\data\game_images\20251203_151414\page_113_2.jpg,
E:\2025\2025_12\LLM\RAG\EldenRing_RAG\data\game_images\20251203_151414\page_113_3.jpg,
E:\2025\2025_12\LLM\RAG\EldenRing_RAG\data\game_images\20251203_151414\page_113_4.jpg,
E:\2025\2025_12\LLM\RAG\EldenRing_RAG\data\game_images\20251203_151414\page_113_5.jpg,
E:\2025\2025_12\LLM\RAG\EldenRing_RAG\data\game_images\20251203_151414\page_113_6.jpg,
E:\2025\2025_12\LLM\RAG\EldenRing_RAG\data\game_images\20251203_151414\page_113_7.jpg,
E:\2025\2025_12\LLM\RAG\EldenRing_RAG\data\game_images\20251203_151414\page_114_1.jpg,
E:\2025\2025_12\LLM\RAG\EldenRing_RAG\data\game_images\20251203_151414\page_114_2.jpg,
E:\2025\2025_12\LLM\RAG\EldenRing_RAG\data\game_images\20251203_151414\page_114_3.jpg,
E:\2025\2025_12\LLM\RAG\EldenRing_RAG\data\game_images\20251203_151414\page_114_4.jpg,
E:\2025\2025_12\LLM\RAG\EldenRing_RAG\data\game_images\20251203_151414\page_114_5.jpg,
E:\2025\2025_12\LLM\RAG\EldenRing_RAG\data\game_images\20251203_151414\page_115_1.jpg,
E:\2025\2025_12\LLM\RAG\EldenRing_RAG\data\game_images\20251203_151414\page_115_2.jpg,
E:\2025\2025_12\LLM\RAG\EldenRing_RAG\data\game_images\20251203_151414\page_116_1.jpg,
E:\2025\2025_12\LLM\RAG\EldenRing_RAG\data\game_images\20251203_151414\page_116_2.jpg,
E:\2025\2025_12\LLM\RAG\EldenRing_RAG\data\game_images\20251203_151414\page_116_3.jpg,
E:\2025\2025_12\LLM\RAG\EldenRing_RAG\data\game_images\20251203_151414\page_116_4.jpg,
E:\2025\2025_12\LLM\RAG\EldenRing_RAG\data\game_images\20251203_151414\page_116_5.jpg,
E:\2025\2025_12\LLM\RAG\EldenRing_RAG\data\game_images\20251203_151414\page_117_1.jpg,
E:\2025\2025_12\LLM\RAG\EldenRing_RAG\data\game_images\20251203_151414\page_117_2.jpg,
E:\2025\2025_12\LLM\RAG\EldenRing_RAG\data\game_images\20251203_151414\page_117_3.jpg,
E:\2025\2025_12\LLM\RAG\EldenRing_RAG\data\game_images\20251203_151414\page_117_4.jpg,
E:\2025\2025_12\LLM\RAG\EldenRing_RAG\data\game_images\20251203_151414\page_118_1.jpg,
E:\2025\2025_12\LLM\RAG\EldenRing_RAG\data\game_images\20251203_151414\page_118_2.jpg,
E:\2025\2025_12\LLM\RAG\EldenRing_RAG\data\game_images\20251203_151414\page_118_3.jpg,
E:\2025\2025_12\LLM\RAG\EldenRing_RAG\data\game_images\20251203_151414\page_118_4.jpg,
E:\2025\2025_12\LLM\RAG\EldenRing_RAG\data\game_images\20251203_151414\page_119_1.jpg,
E:\2025\2025_12\LLM\RAG\EldenRing_RAG\data\game_images\20251203_151414\page_119_2.jpg,
E:\2025\2025_12\LLM\RAG\EldenRing_RAG\data\game_images\20251203_151414\page_119_3.jpg,
E:\2025\2025_12\LLM\RAG\EldenRing_RAG\data\game_images\20251203_151414\page_119_4.jpg,
E:\2025\2025_12\LLM\RAG\EldenRing_RAG\data\game_images\20251203_151414\page_119_5.jpg,
E:\2025\2025_12\LLM\RAG\EldenRing_RAG\data\game_images\20251203_151414\page_119_6.jpg,
E:\2025\2025_12\LLM\RAG\EldenRing_RAG\data\game_images\20251203_151414\page_11_1.jpg,
E:\2025\2025_12\LLM\RAG\EldenRing_RAG\data\game_images\20251203_151414\page_11_2.jpg,
E:\2025\2025_12\LLM\RAG\EldenRing_RAG\data\game_images\20251203_151414\page_120_1.jpg,
E:\2025\2025_12\LLM\RAG\EldenRing_RAG\data\game_images\20251203_151414\page_120_2.jpg,
E:\2025\2025_12\LLM\RAG\EldenRing_RAG\data\game_images\20251203_151414\page_120_3.jpg,
E:\2025\2025_12\LLM\RAG\EldenRing_RAG\data\game_images\20251203_151414\page_120_4.jpg,
E:\2025\2025_12\LLM\RAG\EldenRing_RAG\data\game_images\20251203_151414\page_120_5.jpg,
E:\2025\2025_12\LLM\RAG\EldenRing_RAG\data\game_images\20251203_151414\page_120_6.jpg,
E:\2025\2025_12\LLM\RAG\EldenRing_RAG\data\game_images\20251203_151414\page_120_7.jpg,
E:\2025\2025_12\LLM\RAG\EldenRing_RAG\data\game_images\20251203_151414\page_121_1.jpg,
E:\2025\2025_12\LLM\RAG\EldenRing_RAG\data\game_images\20251203_151414\page_121_2.jpg,
E:\2025\2025_12\LLM\RAG\EldenRing_RAG\data\game_images\20251203_151414\page_121_3.jpg,
E:\2025\2025_12\LLM\RAG\EldenRing_RAG\data\game_images\20251203_151414\page_121_4.jpg,
E:\2025\2025_12\LLM\RAG\EldenRing_RAG\data\game_images\20251203_151414\page_122_1.jpg,
E:\2025\2025_12\LLM\RAG\EldenRing_RAG\data\game_images\20251203_151414\page_122_10.jpg,
E:\2025\2025_12\LLM\RAG\EldenRing_RAG\data\game_images\20251203_151414\page_122_2.jpg,
E:\2025\2025_12\LLM\RAG\EldenRing_RAG\data\game_images\20251203_151414\page_122_3.jpg,
E:\2025\2025_12\LLM\RAG\EldenRing_RAG\data\game_images\20251203_151414\page_122_4.jpg,
E:\2025\2025_12\LLM\RAG\EldenRing_RAG\data\game_images\20251203_151414\page_122_5.jpg,
E:\2025\2025_12\LLM\RAG\EldenRing_RAG\data\game_images\20251203_151414\page_122_6.jpg,
E:\2025\2025_12\LLM\RAG\EldenRing_RAG\data\game_images\20251203_151414\page_122_7.jpg,
E:\2025\2025_12\LLM\RAG\EldenRing_RAG\data\game_images\20251203_151414\page_122_8.jpg,
E:\2025\2025_12\LLM\RAG\EldenRing_RAG\data\game_images\20251203_151414\page_122_9.jpg,
E:\2025\2025_12\LLM\RAG\EldenRing_RAG\data\game_images\20251203_151414\page_123_1.jpg,
E:\2025\2025_12\LLM\RAG\EldenRing_RAG\data\game_images\20251203_151414\page_123_2.jpg,
E:\2025\2025_12\LLM\RAG\EldenRing_RAG\data\game_images\20251203_151414\page_123_3.jpg,
E:\2025\2025_12\LLM\RAG\EldenRing_RAG\data\game_images\20251203_151414\page_123_4.jpg,
E:\2025\2025_12\LLM\RAG\EldenRing_RAG\data\game_images\20251203_151414\page_123_5.jpg,
E:\2025\2025_12\LLM\RAG\EldenRing_RAG\data\game_images\20251203_151414\page_123_6.jpg,
E:\2025\2025_12\LLM\RAG\EldenRing_RAG\data\game_images\20251203_151414\page_123_7.jpg,
E:\2025\2025_12\LLM\RAG\EldenRing_RAG\data\game_images\20251203_151414\page_124_1.jpg,
E:\2025\2025_12\LLM\RAG\EldenRing_RAG\data\game_images\20251203_151414\page_124_2.jpg,
E:\2025\2025_12\LLM\RAG\EldenRing_RAG\data\game_images\20251203_151414\page_124_3.jpg,
E:\2025\2025_12\LLM\RAG\EldenRing_RAG\data\game_images\20251203_151414\page_124_4.jpg,
E:\2025\2025_12\LLM\RAG\EldenRing_RAG\data\game_images\20251203_151414\page_124_5.jpg,
E:\2025\2025_12\LLM\RAG\EldenRing_RAG\data\game_images\20251203_151414\page_124_6.jpg,
E:\2025\2025_12\LLM\RAG\EldenRing_RAG\data\game_images\20251203_151414\page_124_7.jpg,
E:\2025\2025_12\LLM\RAG\EldenRing_RAG\data\game_images\20251203_151414\page_124_8.jpg,
E:\2025\2025_12\LLM\RAG\EldenRing_RAG\data\game_images\20251203_151414\page_125_1.jpg,
E:\2025\2025_12\LLM\RAG\EldenRing_RAG\data\game_images\20251203_151414\page_125_2.jpg,
E:\2025\2025_12\LLM\RAG\EldenRing_RAG\data\game_images\20251203_151414\page_125_3.jpg,
E:\2025\2025_12\LLM\RAG\EldenRing_RAG\data\game_images\20251203_151414\page_125_4.jpg,
E:\2025\2025_12\LLM\RAG\EldenRing_RAG\data\game_images\20251203_151414\page_126_1.jpg,
E:\2025\2025_12\LLM\RAG\EldenRing_RAG\data\game_images\20251203_151414\page_126_2.jpg,
E:\2025\2025_12\LLM\RAG\EldenRing_RAG\data\game_images\20251203_151414\page_126_3.jpg,
E:\2025\2025_12\LLM\RAG\EldenRing_RAG\data\game_images\20251203_151414\page_126_4.jpg,
E:\2025\2025_12\LLM\RAG\EldenRing_RAG\data\game_images\20251203_151414\page_126_5.jpg,
E:\2025\2025_12\LLM\RAG\EldenRing_RAG\data\game_images\20251203_151414\page_126_6.jpg,
E:\2025\2025_12\LLM\RAG\EldenRing_RAG\data\game_images\20251203_151414\page_127_1.jpg,
E:\2025\2025_12\LLM\RAG\EldenRing_RAG\data\game_images\20251203_151414\page_127_2.jpg,
E:\2025\2025_12\LLM\RAG\EldenRing_RAG\data\game_images\20251203_151414\page_127_3.jpg,
E:\2025\2025_12\LLM\RAG\EldenRing_RAG\data\game_images\20251203_151414\page_127_4.jpg,
E:\2025\2025_12\LLM\RAG\EldenRing_RAG\data\game_images\20251203_151414\page_127_5.jpg,
E:\2025\2025_12\LLM\RAG\EldenRing_RAG\data\game_images\20251203_151414\page_127_6.jpg,
E:\2025\2025_12\LLM\RAG\EldenRing_RAG\data\game_images\20251203_151414\page_128_1.jpg,
E:\2025\2025_12\LLM\RAG\EldenRing_RAG\data\game_images\20251203_151414\page_128_2.jpg,
E:\2025\2025_12\LLM\RAG\EldenRing_RAG\data\game_images\20251203_151414\page_128_3.jpg,
E:\2025\2025_12\LLM\RAG\EldenRing_RAG\data\game_images\20251203_151414\page_128_4.jpg,
E:\2025\2025_12\LLM\RAG\EldenRing_RAG\data\game_images\20251203_151414\page_128_5.jpg,
E:\2025\2025_12\LLM\RAG\EldenRing_RAG\data\game_images\20251203_151414\page_128_6.jpg,
E:\2025\2025_12\LLM\RAG\EldenRing_RAG\data\game_images\20251203_151414\page_128_7.jpg,
E:\2025\2025_12\LLM\RAG\EldenRing_RAG\data\game_images\20251203_151414\page_129_1.jpg,
E:\2025\2025_12\LLM\RAG\EldenRing_RAG\data\game_images\20251203_151414\page_12_1.jpg,
E:\2025\2025_12\LLM\RAG\EldenRing_RAG\data\game_images\20251203_151414\page_12_2.jpg,
E:\2025\2025_12\LLM\RAG\EldenRing_RAG\data\game_images\20251203_151414\page_12_3.jpg,
E:\2025\2025_12\LLM\RAG\EldenRing_RAG\data\game_images\20251203_151414\page_12_4.jpg,
E:\2025\2025_12\LLM\RAG\EldenRing_RAG\data\game_images\20251203_151414\page_12_5.jpg,
E:\2025\2025_12\LLM\RAG\EldenRing_RAG\data\game_images\20251203_151414\page_130_1.jpg,
E:\2025\2025_12\LLM\RAG\EldenRing_RAG\data\game_images\20251203_151414\page_131_1.jpg,
E:\2025\2025_12\LLM\RAG\EldenRing_RAG\data\game_images\20251203_151414\page_131_2.jpg,
E:\2025\2025_12\LLM\RAG\EldenRing_RAG\data\game_images\20251203_151414\page_131_3.jpg,
E:\2025\2025_12\LLM\RAG\EldenRing_RAG\data\game_images\20251203_151414\page_131_4.jpg,
E:\2025\2025_12\LLM\RAG\EldenRing_RAG\data\game_images\20251203_151414\page_131_5.jpg,
E:\2025\2025_12\LLM\RAG\EldenRing_RAG\data\game_images\20251203_151414\page_131_6.jpg,
E:\2025\2025_12\LLM\RAG\EldenRing_RAG\data\game_images\20251203_151414\page_132_1.jpg,
E:\2025\2025_12\LLM\RAG\EldenRing_RAG\data\game_images\20251203_151414\page_132_2.jpg,
E:\2025\2025_12\LLM\RAG\EldenRing_RAG\data\game_images\20251203_151414\page_132_3.jpg,
E:\2025\2025_12\LLM\RAG\EldenRing_RAG\data\game_images\20251203_151414\page_132_4.jpg,
E:\2025\2025_12\LLM\RAG\EldenRing_RAG\data\game_images\20251203_151414\page_132_5.jpg,
E:\2025\2025_12\LLM\RAG\EldenRing_RAG\data\game_images\20251203_151414\page_132_6.jpg,
E:\2025\2025_12\LLM\RAG\EldenRing_RAG\data\game_images\20251203_151414\page_132_7.jpg,
E:\2025\2025_12\LLM\RAG\EldenRing_RAG\data\game_images\20251203_151414\page_133_1.jpg,
E:\2025\2025_12\LLM\RAG\EldenRing_RAG\data\game_images\20251203_151414\page_133_2.jpg,
E:\2025\2025_12\LLM\RAG\EldenRing_RAG\data\game_images\20251203_151414\page_133_3.jpg,
E:\2025\2025_12\LLM\RAG\EldenRing_RAG\data\game_images\20251203_151414\page_133_4.jpg,
E:\2025\2025_12\LLM\RAG\EldenRing_RAG\data\game_images\20251203_151414\page_134_1.jpg,
E:\2025\2025_12\LLM\RAG\EldenRing_RAG\data\game_images\20251203_151414\page_134_2.jpg,
E:\2025\2025_12\LLM\RAG\EldenRing_RAG\data\game_images\20251203_151414\page_134_3.jpg,
E:\2025\2025_12\LLM\RAG\EldenRing_RAG\data\game_images\20251203_151414\page_134_4.jpg,
E:\2025\2025_12\LLM\RAG\EldenRing_RAG\data\game_images\20251203_151414\page_134_5.jpg,
E:\2025\2025_12\LLM\RAG\EldenRing_RAG\data\game_images\20251203_151414\page_134_6.jpg,
E:\2025\2025_12\LLM\RAG\EldenRing_RAG\data\game_images\20251203_151414\page_134_7.jpg,
E:\2025\2025_12\LLM\RAG\EldenRing_RAG\data\game_images\20251203_151414\page_134_8.jpg,
E:\2025\2025_12\LLM\RAG\EldenRing_RAG\data\game_images\20251203_151414\page_134_9.jpg,
E:\2025\2025_12\LLM\RAG\EldenRing_RAG\data\game_images\20251203_151414\page_135_1.jpg,
E:\2025\2025_12\LLM\RAG\EldenRing_RAG\data\game_images\20251203_151414\page_135_2.jpg,
E:\2025\2025_12\LLM\RAG\EldenRing_RAG\data\game_images\20251203_151414\page_135_3.jpg,
E:\2025\2025_12\LLM\RAG\EldenRing_RAG\data\game_images\20251203_151414\page_135_4.jpg,
E:\2025\2025_12\LLM\RAG\EldenRing_RAG\data\game_images\20251203_151414\page_135_5.jpg,
E:\2025\2025_12\LLM\RAG\EldenRing_RAG\data\game_images\20251203_151414\page_135_6.jpg,
E:\2025\2025_12\LLM\RAG\EldenRing_RAG\data\game_images\20251203_151414\page_135_7.jpg,
E:\2025\2025_12\LLM\RAG\EldenRing_RAG\data\game_images\20251203_151414\page_135_8.jpg,
E:\2025\2025_12\LLM\RAG\EldenRing_RAG\data\game_images\20251203_151414\page_136_1.jpg,
E:\2025\2025_12\LLM\RAG\EldenRing_RAG\data\game_images\20251203_151414\page_136_2.jpg,
E:\2025\2025_12\LLM\RAG\EldenRing_RAG\data\game_images\20251203_151414\page_136_3.jpg,
E:\2025\2025_12\LLM\RAG\EldenRing_RAG\data\game_images\20251203_151414\page_136_4.jpg,
E:\2025\2025_12\LLM\RAG\EldenRing_RAG\data\game_images\20251203_151414\page_136_5.jpg,
E:\2025\2025_12\LLM\RAG\EldenRing_RAG\data\game_images\20251203_151414\page_136_6.jpg,
E:\2025\2025_12\LLM\RAG\EldenRing_RAG\data\game_images\20251203_151414\page_136_7.jpg,
E:\2025\2025_12\LLM\RAG\EldenRing_RAG\data\game_images\20251203_151414\page_136_8.jpg,
E:\2025\2025_12\LLM\RAG\EldenRing_RAG\data\game_images\20251203_151414\page_137_1.jpg,
E:\2025\2025_12\LLM\RAG\EldenRing_RAG\data\game_images\20251203_151414\page_138_1.jpg,
E:\2025\2025_12\LLM\RAG\EldenRing_RAG\data\game_images\20251203_151414\page_138_2.jpg,
E:\2025\2025_12\LLM\RAG\EldenRing_RAG\data\game_images\20251203_151414\page_138_3.jpg,
E:\2025\2025_12\LLM\RAG\EldenRing_RAG\data\game_images\20251203_151414\page_138_4.jpg,
E:\2025\2025_12\LLM\RAG\EldenRing_RAG\data\game_images\20251203_151414\page_13_1.jpg,
E:\2025\2025_12\LLM\RAG\EldenRing_RAG\data\game_images\20251203_151414\page_13_2.jpg,
E:\2025\2025_12\LLM\RAG\EldenRing_RAG\data\game_images\20251203_151414\page_13_3.jpg,
E:\2025\2025_12\LLM\RAG\EldenRing_RAG\data\game_images\20251203_151414\page_140_1.jpg,
E:\2025\2025_12\LLM\RAG\EldenRing_RAG\data\game_images\20251203_151414\page_140_2.jpg,
E:\2025\2025_12\LLM\RAG\EldenRing_RAG\data\game_images\20251203_151414\page_140_3.jpg,
E:\2025\2025_12\LLM\RAG\EldenRing_RAG\data\game_images\20251203_151414\page_140_4.jpg,
E:\2025\2025_12\LLM\RAG\EldenRing_RAG\data\game_images\20251203_151414\page_141_1.jpg,
E:\2025\2025_12\LLM\RAG\EldenRing_RAG\data\game_images\20251203_151414\page_141_2.jpg,
E:\2025\2025_12\LLM\RAG\EldenRing_RAG\data\game_images\20251203_151414\page_141_3.jpg,
E:\2025\2025_12\LLM\RAG\EldenRing_RAG\data\game_images\20251203_151414\page_141_4.jpg,
E:\2025\2025_12\LLM\RAG\EldenRing_RAG\data\game_images\20251203_151414\page_141_5.jpg,
E:\2025\2025_12\LLM\RAG\EldenRing_RAG\data\game_images\20251203_151414\page_141_6.jpg,
E:\2025\2025_12\LLM\RAG\EldenRing_RAG\data\game_images\20251203_151414\page_141_7.jpg,
E:\2025\2025_12\LLM\RAG\EldenRing_RAG\data\game_images\20251203_151414\page_141_8.jpg,
E:\2025\2025_12\LLM\RAG\EldenRing_RAG\data\game_images\20251203_151414\page_141_9.jpg,
E:\2025\2025_12\LLM\RAG\EldenRing_RAG\data\game_images\20251203_151414\page_142_1.jpg,
E:\2025\2025_12\LLM\RAG\EldenRing_RAG\data\game_images\20251203_151414\page_142_2.jpg,
E:\2025\2025_12\LLM\RAG\EldenRing_RAG\data\game_images\20251203_151414\page_142_3.jpg,
E:\2025\2025_12\LLM\RAG\EldenRing_RAG\data\game_images\20251203_151414\page_142_4.jpg,
E:\2025\2025_12\LLM\RAG\EldenRing_RAG\data\game_images\20251203_151414\page_142_5.jpg,
E:\2025\2025_12\LLM\RAG\EldenRing_RAG\data\game_images\20251203_151414\page_142_6.jpg,
E:\2025\2025_12\LLM\RAG\EldenRing_RAG\data\game_images\20251203_151414\page_142_7.jpg,
E:\2025\2025_12\LLM\RAG\EldenRing_RAG\data\game_images\20251203_151414\page_142_8.jpg,
E:\2025\2025_12\LLM\RAG\EldenRing_RAG\data\game_images\20251203_151414\page_142_9.jpg,
E:\2025\2025_12\LLM\RAG\EldenRing_RAG\data\game_images\20251203_151414\page_143_1.jpg,
E:\2025\2025_12\LLM\RAG\EldenRing_RAG\data\game_images\20251203_151414\page_144_1.jpg,
E:\2025\2025_12\LLM\RAG\EldenRing_RAG\data\game_images\20251203_151414\page_144_2.jpg,
E:\2025\2025_12\LLM\RAG\EldenRing_RAG\data\game_images\20251203_151414\page_144_3.jpg,
E:\2025\2025_12\LLM\RAG\EldenRing_RAG\data\game_images\20251203_151414\page_144_4.jpg,
E:\2025\2025_12\LLM\RAG\EldenRing_RAG\data\game_images\20251203_151414\page_144_5.jpg,
E:\2025\2025_12\LLM\RAG\EldenRing_RAG\data\game_images\20251203_151414\page_144_6.jpg,
E:\2025\2025_12\LLM\RAG\EldenRing_RAG\data\game_images\20251203_151414\page_144_7.jpg,
E:\2025\2025_12\LLM\RAG\EldenRing_RAG\data\game_images\20251203_151414\page_144_8.jpg,
E:\2025\2025_12\LLM\RAG\EldenRing_RAG\data\game_images\20251203_151414\page_145_1.jpg,
E:\2025\2025_12\LLM\RAG\EldenRing_RAG\data\game_images\20251203_151414\page_145_2.jpg,
E:\2025\2025_12\LLM\RAG\EldenRing_RAG\data\game_images\20251203_151414\page_145_3.jpg,
E:\2025\2025_12\LLM\RAG\EldenRing_RAG\data\game_images\20251203_151414\page_145_4.jpg,
E:\2025\2025_12\LLM\RAG\EldenRing_RAG\data\game_images\20251203_151414\page_145_5.jpg,
E:\2025\2025_12\LLM\RAG\EldenRing_RAG\data\game_images\20251203_151414\page_145_6.jpg,
E:\2025\2025_12\LLM\RAG\EldenRing_RAG\data\game_images\20251203_151414\page_145_7.jpg,
E:\2025\2025_12\LLM\RAG\EldenRing_RAG\data\game_images\20251203_151414\page_145_8.jpg,
E:\2025\2025_12\LLM\RAG\EldenRing_RAG\data\game_images\20251203_151414\page_145_9.jpg,
E:\2025\2025_12\LLM\RAG\EldenRing_RAG\data\game_images\20251203_151414\page_146_1.jpg,
E:\2025\2025_12\LLM\RAG\EldenRing_RAG\data\game_images\20251203_151414\page_146_10.jpg,
E:\2025\2025_12\LLM\RAG\EldenRing_RAG\data\game_images\20251203_151414\page_146_11.jpg,
E:\2025\2025_12\LLM\RAG\EldenRing_RAG\data\game_images\20251203_151414\page_146_12.jpg,
E:\2025\2025_12\LLM\RAG\EldenRing_RAG\data\game_images\20251203_151414\page_146_13.jpg,
E:\2025\2025_12\LLM\RAG\EldenRing_RAG\data\game_images\20251203_151414\page_146_2.jpg,
E:\2025\2025_12\LLM\RAG\EldenRing_RAG\data\game_images\20251203_151414\page_146_3.jpg,
E:\2025\2025_12\LLM\RAG\EldenRing_RAG\data\game_images\20251203_151414\page_146_4.jpg,
E:\2025\2025_12\LLM\RAG\EldenRing_RAG\data\game_images\20251203_151414\page_146_5.jpg,
E:\2025\2025_12\LLM\RAG\EldenRing_RAG\data\game_images\20251203_151414\page_146_6.jpg,
E:\2025\2025_12\LLM\RAG\EldenRing_RAG\data\game_images\20251203_151414\page_146_7.jpg,
E:\2025\2025_12\LLM\RAG\EldenRing_RAG\data\game_images\20251203_151414\page_146_8.jpg,
E:\2025\2025_12\LLM\RAG\EldenRing_RAG\data\game_images\20251203_151414\page_146_9.jpg,
E:\2025\2025_12\LLM\RAG\EldenRing_RAG\data\game_images\20251203_151414\page_147_1.jpg,
E:\2025\2025_12\LLM\RAG\EldenRing_RAG\data\game_images\20251203_151414\page_147_2.jpg,
E:\2025\2025_12\LLM\RAG\EldenRing_RAG\data\game_images\20251203_151414\page_147_3.jpg,
E:\2025\2025_12\LLM\RAG\EldenRing_RAG\data\game_images\20251203_151414\page_147_4.jpg,
E:\2025\2025_12\LLM\RAG\EldenRing_RAG\data\game_images\20251203_151414\page_147_5.jpg,
E:\2025\2025_12\LLM\RAG\EldenRing_RAG\data\game_images\20251203_151414\page_148_1.jpg,
E:\2025\2025_12\LLM\RAG\EldenRing_RAG\data\game_images\20251203_151414\page_149_1.jpg,
E:\2025\2025_12\LLM\RAG\EldenRing_RAG\data\game_images\20251203_151414\page_149_2.jpg,
E:\2025\2025_12\LLM\RAG\EldenRing_RAG\data\game_images\20251203_151414\page_149_3.jpg,
E:\2025\2025_12\LLM\RAG\EldenRing_RAG\data\game_images\20251203_151414\page_149_4.jpg,
E:\2025\2025_12\LLM\RAG\EldenRing_RAG\data\game_images\20251203_151414\page_149_5.jpg,
E:\2025\2025_12\LLM\RAG\EldenRing_RAG\data\game_images\20251203_151414\page_149_6.jpg,
E:\2025\2025_12\LLM\RAG\EldenRing_RAG\data\game_images\20251203_151414\page_14_1.jpg,
E:\2025\2025_12\LLM\RAG\EldenRing_RAG\data\game_images\20251203_151414\page_14_2.jpg,
E:\2025\2025_12\LLM\RAG\EldenRing_RAG\data\game_images\20251203_151414\page_14_3.jpg,
E:\2025\2025_12\LLM\RAG\EldenRing_RAG\data\game_images\20251203_151414\page_14_4.jpg,
E:\2025\2025_12\LLM\RAG\EldenRing_RAG\data\game_images\20251203_151414\page_14_5.jpg,
E:\2025\2025_12\LLM\RAG\EldenRing_RAG\data\game_images\20251203_151414\page_150_1.jpg,
E:\2025\2025_12\LLM\RAG\EldenRing_RAG\data\game_images\20251203_151414\page_150_2.jpg,
E:\2025\2025_12\LLM\RAG\EldenRing_RAG\data\game_images\20251203_151414\page_150_3.jpg,
E:\2025\2025_12\LLM\RAG\EldenRing_RAG\data\game_images\20251203_151414\page_151_1.jpg,
E:\2025\2025_12\LLM\RAG\EldenRing_RAG\data\game_images\20251203_151414\page_151_10.jpg,
E:\2025\2025_12\LLM\RAG\EldenRing_RAG\data\game_images\20251203_151414\page_151_11.jpg,
E:\2025\2025_12\LLM\RAG\EldenRing_RAG\data\game_images\20251203_151414\page_151_12.jpg,
E:\2025\2025_12\LLM\RAG\EldenRing_RAG\data\game_images\20251203_151414\page_151_13.jpg,
E:\2025\2025_12\LLM\RAG\EldenRing_RAG\data\game_images\20251203_151414\page_151_14.jpg,
E:\2025\2025_12\LLM\RAG\EldenRing_RAG\data\game_images\20251203_151414\page_151_15.jpg,
E:\2025\2025_12\LLM\RAG\EldenRing_RAG\data\game_images\20251203_151414\page_151_2.jpg,
E:\2025\2025_12\LLM\RAG\EldenRing_RAG\data\game_images\20251203_151414\page_151_3.jpg,
E:\2025\2025_12\LLM\RAG\EldenRing_RAG\data\game_images\20251203_151414\page_151_4.jpg,
E:\2025\2025_12\LLM\RAG\EldenRing_RAG\data\game_images\20251203_151414\page_151_5.jpg,
E:\2025\2025_12\LLM\RAG\EldenRing_RAG\data\game_images\20251203_151414\page_151_6.jpg,
E:\2025\2025_12\LLM\RAG\EldenRing_RAG\data\game_images\20251203_151414\page_151_7.jpg,
E:\2025\2025_12\LLM\RAG\EldenRing_RAG\data\game_images\20251203_151414\page_151_8.jpg,
E:\2025\2025_12\LLM\RAG\EldenRing_RAG\data\game_images\20251203_151414\page_151_9.jpg,
E:\2025\2025_12\LLM\RAG\EldenRing_RAG\data\game_images\20251203_151414\page_152_1.jpg,
E:\2025\2025_12\LLM\RAG\EldenRing_RAG\data\game_images\20251203_151414\page_152_2.jpg,
E:\2025\2025_12\LLM\RAG\EldenRing_RAG\data\game_images\20251203_151414\page_152_3.jpg,
E:\2025\2025_12\LLM\RAG\EldenRing_RAG\data\game_images\20251203_151414\page_152_4.jpg,
E:\2025\2025_12\LLM\RAG\EldenRing_RAG\data\game_images\20251203_151414\page_152_5.jpg,
E:\2025\2025_12\LLM\RAG\EldenRing_RAG\data\game_images\20251203_151414\page_153_1.jpg,
E:\2025\2025_12\LLM\RAG\EldenRing_RAG\data\game_images\20251203_151414\page_153_2.jpg,
E:\2025\2025_12\LLM\RAG\EldenRing_RAG\data\game_images\20251203_151414\page_153_3.jpg,
E:\2025\2025_12\LLM\RAG\EldenRing_RAG\data\game_images\20251203_151414\page_154_1.jpg,
E:\2025\2025_12\LLM\RAG\EldenRing_RAG\data\game_images\20251203_151414\page_155_1.jpg,
E:\2025\2025_12\LLM\RAG\EldenRing_RAG\data\game_images\20251203_151414\page_155_2.jpg,
E:\2025\2025_12\LLM\RAG\EldenRing_RAG\data\game_images\20251203_151414\page_156_1.jpg,
E:\2025\2025_12\LLM\RAG\EldenRing_RAG\data\game_images\20251203_151414\page_156_2.jpg,
E:\2025\2025_12\LLM\RAG\EldenRing_RAG\data\game_images\20251203_151414\page_156_3.jpg,
E:\2025\2025_12\LLM\RAG\EldenRing_RAG\data\game_images\20251203_151414\page_157_1.jpg,
E:\2025\2025_12\LLM\RAG\EldenRing_RAG\data\game_images\20251203_151414\page_157_2.jpg,
E:\2025\2025_12\LLM\RAG\EldenRing_RAG\data\game_images\20251203_151414\page_158_1.jpg,
E:\2025\2025_12\LLM\RAG\EldenRing_RAG\data\game_images\20251203_151414\page_158_2.jpg,
E:\2025\2025_12\LLM\RAG\EldenRing_RAG\data\game_images\20251203_151414\page_159_1.jpg,
E:\2025\2025_12\LLM\RAG\EldenRing_RAG\data\game_images\20251203_151414\page_159_2.jpg,
E:\2025\2025_12\LLM\RAG\EldenRing_RAG\data\game_images\20251203_151414\page_15_1.jpg,
E:\2025\2025_12\LLM\RAG\EldenRing_RAG\data\game_images\20251203_151414\page_15_2.jpg,
E:\2025\2025_12\LLM\RAG\EldenRing_RAG\data\game_images\20251203_151414\page_15_3.jpg,
E:\2025\2025_12\LLM\RAG\EldenRing_RAG\data\game_images\20251203_151414\page_160_1.jpg,
E:\2025\2025_12\LLM\RAG\EldenRing_RAG\data\game_images\20251203_151414\page_160_2.jpg,
E:\2025\2025_12\LLM\RAG\EldenRing_RAG\data\game_images\20251203_151414\page_161_1.jpg,
E:\2025\2025_12\LLM\RAG\EldenRing_RAG\data\game_images\20251203_151414\page_161_2.jpg,
E:\2025\2025_12\LLM\RAG\EldenRing_RAG\data\game_images\20251203_151414\page_162_1.jpg,
E:\2025\2025_12\LLM\RAG\EldenRing_RAG\data\game_images\20251203_151414\page_162_2.jpg,
E:\2025\2025_12\LLM\RAG\EldenRing_RAG\data\game_images\20251203_151414\page_163_1.jpg,
E:\2025\2025_12\LLM\RAG\EldenRing_RAG\data\game_images\20251203_151414\page_16_1.jpg,
E:\2025\2025_12\LLM\RAG\EldenRing_RAG\data\game_images\20251203_151414\page_16_10.jpg,
E:\2025\2025_12\LLM\RAG\EldenRing_RAG\data\game_images\20251203_151414\page_16_2.jpg,
E:\2025\2025_12\LLM\RAG\EldenRing_RAG\data\game_images\20251203_151414\page_16_3.jpg,
E:\2025\2025_12\LLM\RAG\EldenRing_RAG\data\game_images\20251203_151414\page_16_4.jpg,
E:\2025\2025_12\LLM\RAG\EldenRing_RAG\data\game_images\20251203_151414\page_16_5.jpg,
E:\2025\2025_12\LLM\RAG\EldenRing_RAG\data\game_images\20251203_151414\page_16_6.jpg,
E:\2025\2025_12\LLM\RAG\EldenRing_RAG\data\game_images\20251203_151414\page_16_7.jpg,
E:\2025\2025_12\LLM\RAG\EldenRing_RAG\data\game_images\20251203_151414\page_16_8.jpg,
E:\2025\2025_12\LLM\RAG\EldenRing_RAG\data\game_images\20251203_151414\page_16_9.jpg,
E:\2025\2025_12\LLM\RAG\EldenRing_RAG\data\game_images\20251203_151414\page_17_1.jpg,
E:\2025\2025_12\LLM\RAG\EldenRing_RAG\data\game_images\20251203_151414\page_17_2.jpg,
E:\2025\2025_12\LLM\RAG\EldenRing_RAG\data\game_images\20251203_151414\page_18_1.jpg,
E:\2025\2025_12\LLM\RAG\EldenRing_RAG\data\game_images\20251203_151414\page_18_10.jpg,
E:\2025\2025_12\LLM\RAG\EldenRing_RAG\data\game_images\20251203_151414\page_18_11.jpg,
E:\2025\2025_12\LLM\RAG\EldenRing_RAG\data\game_images\20251203_151414\page_18_12.jpg,
E:\2025\2025_12\LLM\RAG\EldenRing_RAG\data\game_images\20251203_151414\page_18_13.jpg,
E:\2025\2025_12\LLM\RAG\EldenRing_RAG\data\game_images\20251203_151414\page_18_14.jpg,
E:\2025\2025_12\LLM\RAG\EldenRing_RAG\data\game_images\20251203_151414\page_18_2.jpg,
E:\2025\2025_12\LLM\RAG\EldenRing_RAG\data\game_images\20251203_151414\page_18_3.jpg,
E:\2025\2025_12\LLM\RAG\EldenRing_RAG\data\game_images\20251203_151414\page_18_4.jpg,
E:\2025\2025_12\LLM\RAG\EldenRing_RAG\data\game_images\20251203_151414\page_18_5.jpg,
E:\2025\2025_12\LLM\RAG\EldenRing_RAG\data\game_images\20251203_151414\page_18_6.jpg,
E:\2025\2025_12\LLM\RAG\EldenRing_RAG\data\game_images\20251203_151414\page_18_7.jpg,
E:\2025\2025_12\LLM\RAG\EldenRing_RAG\data\game_images\20251203_151414\page_18_8.jpg,
E:\2025\2025_12\LLM\RAG\EldenRing_RAG\data\game_images\20251203_151414\page_18_9.jpg,
E:\2025\2025_12\LLM\RAG\EldenRing_RAG\data\game_images\20251203_151414\page_19_1.jpg,
E:\2025\2025_12\LLM\RAG\EldenRing_RAG\data\game_images\20251203_151414\page_19_2.jpg,
E:\2025\2025_12\LLM\RAG\EldenRing_RAG\data\game_images\20251203_151414\page_19_3.jpg,
E:\2025\2025_12\LLM\RAG\EldenRing_RAG\data\game_images\20251203_151414\page_19_4.jpg,
E:\2025\2025_12\LLM\RAG\EldenRing_RAG\data\game_images\20251203_151414\page_19_5.jpg,
E:\2025\2025_12\LLM\RAG\EldenRing_RAG\data\game_images\20251203_151414\page_1_1.jpg,地图 迪可达斯大升降机
E:\2025\2025_12\LLM\RAG\EldenRing_RAG\data\game_images\20251203_151414\page_1_2.jpg,使用海德要塞、法洛斯要塞得到的两块迪可达斯符节符节 前往亚坛高原 游戏场景
E:\2025\2025_12\LLM\RAG\EldenRing_RAG\data\game_images\20251203_151414\page_1_3.jpg,升降机出来 可能见到雅 她会邀请你去火山官邸 游戏场景
E:\2025\2025_12\LLM\RAG\EldenRing_RAG\data\game_images\20251203_151414\page_1_4.jpg,答应雅后会传送到火山官邸 出门会拿到地图碎片 游戏场景
E:\2025\2025_12\LLM\RAG\EldenRing_RAG\data\game_images\20251203_151414\page_1_5.jpg,格密尔火山的地图碎片所在位置 地图
E:\2025\2025_12\LLM\RAG\EldenRing_RAG\data\game_images\20251203_151414\page_20_1.jpg,
E:\2025\2025_12\LLM\RAG\EldenRing_RAG\data\game_images\20251203_151414\page_20_2.jpg,
E:\2025\2025_12\LLM\RAG\EldenRing_RAG\data\game_images\20251203_151414\page_20_3.jpg,
E:\2025\2025_12\LLM\RAG\EldenRing_RAG\data\game_images\20251203_151414\page_21_1.jpg,
E:\2025\2025_12\LLM\RAG\EldenRing_RAG\data\game_images\20251203_151414\page_21_2.jpg,
E:\2025\2025_12\LLM\RAG\EldenRing_RAG\data\game_images\20251203_151414\page_22_1.jpg,
E:\2025\2025_12\LLM\RAG\EldenRing_RAG\data\game_images\20251203_151414\page_22_2.jpg,
E:\2025\2025_12\LLM\RAG\EldenRing_RAG\data\game_images\20251203_151414\page_22_3.jpg,
E:\2025\2025_12\LLM\RAG\EldenRing_RAG\data\game_images\20251203_151414\page_22_4.jpg,
E:\2025\2025_12\LLM\RAG\EldenRing_RAG\data\game_images\20251203_151414\page_22_5.jpg,
E:\2025\2025_12\LLM\RAG\EldenRing_RAG\data\game_images\20251203_151414\page_23_1.jpg,
E:\2025\2025_12\LLM\RAG\EldenRing_RAG\data\game_images\20251203_151414\page_23_2.jpg,
E:\2025\2025_12\LLM\RAG\EldenRing_RAG\data\game_images\20251203_151414\page_23_3.jpg,
E:\2025\2025_12\LLM\RAG\EldenRing_RAG\data\game_images\20251203_151414\page_23_4.jpg,
E:\2025\2025_12\LLM\RAG\EldenRing_RAG\data\game_images\20251203_151414\page_23_5.jpg,
E:\2025\2025_12\LLM\RAG\EldenRing_RAG\data\game_images\20251203_151414\page_24_1.jpg,
E:\2025\2025_12\LLM\RAG\EldenRing_RAG\data\game_images\20251203_151414\page_24_2.jpg,
E:\2025\2025_12\LLM\RAG\EldenRing_RAG\data\game_images\20251203_151414\page_24_3.jpg,
E:\2025\2025_12\LLM\RAG\EldenRing_RAG\data\game_images\20251203_151414\page_25_1.jpg,
E:\2025\2025_12\LLM\RAG\EldenRing_RAG\data\game_images\20251203_151414\page_25_2.jpg,
E:\2025\2025_12\LLM\RAG\EldenRing_RAG\data\game_images\20251203_151414\page_25_3.jpg,
E:\2025\2025_12\LLM\RAG\EldenRing_RAG\data\game_images\20251203_151414\page_25_4.jpg,
E:\2025\2025_12\LLM\RAG\EldenRing_RAG\data\game_images\20251203_151414\page_25_5.jpg,
E:\2025\2025_12\LLM\RAG\EldenRing_RAG\data\game_images\20251203_151414\page_25_6.jpg,
E:\2025\2025_12\LLM\RAG\EldenRing_RAG\data\game_images\20251203_151414\page_26_1.jpg,
E:\2025\2025_12\LLM\RAG\EldenRing_RAG\data\game_images\20251203_151414\page_26_2.jpg,
E:\2025\2025_12\LLM\RAG\EldenRing_RAG\data\game_images\20251203_151414\page_26_3.jpg,
E:\2025\2025_12\LLM\RAG\EldenRing_RAG\data\game_images\20251203_151414\page_27_1.jpg,
E:\2025\2025_12\LLM\RAG\EldenRing_RAG\data\game_images\20251203_151414\page_27_2.jpg,
E:\2025\2025_12\LLM\RAG\EldenRing_RAG\data\game_images\20251203_151414\page_27_3.jpg,
E:\2025\2025_12\LLM\RAG\EldenRing_RAG\data\game_images\20251203_151414\page_28_1.jpg,
E:\2025\2025_12\LLM\RAG\EldenRing_RAG\data\game_images\20251203_151414\page_28_2.jpg,
E:\2025\2025_12\LLM\RAG\EldenRing_RAG\data\game_images\20251203_151414\page_29_1.jpg,
E:\2025\2025_12\LLM\RAG\EldenRing_RAG\data\game_images\20251203_151414\page_29_2.jpg,
E:\2025\2025_12\LLM\RAG\EldenRing_RAG\data\game_images\20251203_151414\page_29_3.jpg,
E:\2025\2025_12\LLM\RAG\EldenRing_RAG\data\game_images\20251203_151414\page_2_1.jpg,黄金一族的封印监牢 地图
E:\2025\2025_12\LLM\RAG\EldenRing_RAG\data\game_images\20251203_151414\page_2_2.jpg,使用石剑钥匙进入监牢，击败“接肢”葛孚亚得到传说护符【葛孚雷的肖像】。
E:\2025\2025_12\LLM\RAG\EldenRing_RAG\data\game_images\20251203_151414\page_2_3.jpg,护符 葛孚雷的肖像
E:\2025\2025_12\LLM\RAG\EldenRing_RAG\data\game_images\20251203_151414\page_2_4.jpg,从监牢向北穿过隧道，北面的营地里，两个马车后面的箱子里拿到大盾护符、山妖黄金剑。搜刮下附近营地还有宝箱。
E:\2025\2025_12\LLM\RAG\EldenRing_RAG\data\game_images\20251203_151414\page_30_1.jpg,
E:\2025\2025_12\LLM\RAG\EldenRing_RAG\data\game_images\20251203_151414\page_30_2.jpg,
E:\2025\2025_12\LLM\RAG\EldenRing_RAG\data\game_images\20251203_151414\page_31_1.jpg,
E:\2025\2025_12\LLM\RAG\EldenRing_RAG\data\game_images\20251203_151414\page_31_2.jpg,
E:\2025\2025_12\LLM\RAG\EldenRing_RAG\data\game_images\20251203_151414\page_31_3.jpg,
E:\2025\2025_12\LLM\RAG\EldenRing_RAG\data\game_images\20251203_151414\page_32_1.jpg,
E:\2025\2025_12\LLM\RAG\EldenRing_RAG\data\game_images\20251203_151414\page_32_2.jpg,
E:\2025\2025_12\LLM\RAG\EldenRing_RAG\data\game_images\20251203_151414\page_32_3.jpg,
E:\2025\2025_12\LLM\RAG\EldenRing_RAG\data\game_images\20251203_151414\page_32_4.jpg,
E:\2025\2025_12\LLM\RAG\EldenRing_RAG\data\game_images\20251203_151414\page_32_5.jpg,
E:\2025\2025_12\LLM\RAG\EldenRing_RAG\data\game_images\20251203_151414\page_33_1.jpg,
E:\2025\2025_12\LLM\RAG\EldenRing_RAG\data\game_images\20251203_151414\page_33_10.jpg,
E:\2025\2025_12\LLM\RAG\EldenRing_RAG\data\game_images\20251203_151414\page_33_11.jpg,
E:\2025\2025_12\LLM\RAG\EldenRing_RAG\data\game_images\20251203_151414\page_33_12.jpg,
E:\2025\2025_12\LLM\RAG\EldenRing_RAG\data\game_images\20251203_151414\page_33_13.jpg,
E:\2025\2025_12\LLM\RAG\EldenRing_RAG\data\game_images\20251203_151414\page_33_2.jpg,
E:\2025\2025_12\LLM\RAG\EldenRing_RAG\data\game_images\20251203_151414\page_33_3.jpg,
E:\2025\2025_12\LLM\RAG\EldenRing_RAG\data\game_images\20251203_151414\page_33_4.jpg,
E:\2025\2025_12\LLM\RAG\EldenRing_RAG\data\game_images\20251203_151414\page_33_5.jpg,
E:\2025\2025_12\LLM\RAG\EldenRing_RAG\data\game_images\20251203_151414\page_33_6.jpg,
E:\2025\2025_12\LLM\RAG\EldenRing_RAG\data\game_images\20251203_151414\page_33_7.jpg,
E:\2025\2025_12\LLM\RAG\EldenRing_RAG\data\game_images\20251203_151414\page_33_8.jpg,
E:\2025\2025_12\LLM\RAG\EldenRing_RAG\data\game_images\20251203_151414\page_33_9.jpg,
E:\2025\2025_12\LLM\RAG\EldenRing_RAG\data\game_images\20251203_151414\page_34_1.jpg,
E:\2025\2025_12\LLM\RAG\EldenRing_RAG\data\game_images\20251203_151414\page_34_10.jpg,
E:\2025\2025_12\LLM\RAG\EldenRing_RAG\data\game_images\20251203_151414\page_34_11.jpg,
E:\2025\2025_12\LLM\RAG\EldenRing_RAG\data\game_images\20251203_151414\page_34_12.jpg,
E:\2025\2025_12\LLM\RAG\EldenRing_RAG\data\game_images\20251203_151414\page_34_13.jpg,
E:\2025\2025_12\LLM\RAG\EldenRing_RAG\data\game_images\20251203_151414\page_34_14.jpg,
E:\2025\2025_12\LLM\RAG\EldenRing_RAG\data\game_images\20251203_151414\page_34_15.jpg,
E:\2025\2025_12\LLM\RAG\EldenRing_RAG\data\game_images\20251203_151414\page_34_2.jpg,
E:\2025\2025_12\LLM\RAG\EldenRing_RAG\data\game_images\20251203_151414\page_34_3.jpg,
E:\2025\2025_12\LLM\RAG\EldenRing_RAG\data\game_images\20251203_151414\page_34_4.jpg,
E:\2025\2025_12\LLM\RAG\EldenRing_RAG\data\game_images\20251203_151414\page_34_5.jpg,
E:\2025\2025_12\LLM\RAG\EldenRing_RAG\data\game_images\20251203_151414\page_34_6.jpg,
E:\2025\2025_12\LLM\RAG\EldenRing_RAG\data\game_images\20251203_151414\page_34_7.jpg,
E:\2025\2025_12\LLM\RAG\EldenRing_RAG\data\game_images\20251203_151414\page_34_8.jpg,
E:\2025\2025_12\LLM\RAG\EldenRing_RAG\data\game_images\20251203_151414\page_34_9.jpg,
E:\2025\2025_12\LLM\RAG\EldenRing_RAG\data\game_images\20251203_151414\page_35_1.jpg,
E:\2025\2025_12\LLM\RAG\EldenRing_RAG\data\game_images\20251203_151414\page_35_2.jpg,
E:\2025\2025_12\LLM\RAG\EldenRing_RAG\data\game_images\20251203_151414\page_35_3.jpg,
E:\2025\2025_12\LLM\RAG\EldenRing_RAG\data\game_images\20251203_151414\page_35_4.jpg,
E:\2025\2025_12\LLM\RAG\EldenRing_RAG\data\game_images\20251203_151414\page_35_5.jpg,
E:\2025\2025_12\LLM\RAG\EldenRing_RAG\data\game_images\20251203_151414\page_36_1.jpg,
E:\2025\2025_12\LLM\RAG\EldenRing_RAG\data\game_images\20251203_151414\page_36_2.jpg,
E:\2025\2025_12\LLM\RAG\EldenRing_RAG\data\game_images\20251203_151414\page_36_3.jpg,
E:\2025\2025_12\LLM\RAG\EldenRing_RAG\data\game_images\20251203_151414\page_36_4.jpg,
E:\2025\2025_12\LLM\RAG\EldenRing_RAG\data\game_images\20251203_151414\page_37_1.jpg,
E:\2025\2025_12\LLM\RAG\EldenRing_RAG\data\game_images\20251203_151414\page_37_2.jpg,
E:\2025\2025_12\LLM\RAG\EldenRing_RAG\data\game_images\20251203_151414\page_37_3.jpg,
E:\2025\2025_12\LLM\RAG\EldenRing_RAG\data\game_images\20251203_151414\page_37_4.jpg,
E:\2025\2025_12\LLM\RAG\EldenRing_RAG\data\game_images\20251203_151414\page_37_5.jpg,
E:\2025\2025_12\LLM\RAG\EldenRing_RAG\data\game_images\20251203_151414\page_38_1.jpg,
E:\2025\2025_12\LLM\RAG\EldenRing_RAG\data\game_images\20251203_151414\page_38_2.jpg,
E:\2025\2025_12\LLM\RAG\EldenRing_RAG\data\game_images\20251203_151414\page_38_3.jpg,
E:\2025\2025_12\LLM\RAG\EldenRing_RAG\data\game_images\20251203_151414\page_38_4.jpg,
E:\2025\2025_12\LLM\RAG\EldenRing_RAG\data\game_images\20251203_151414\page_38_5.jpg,
E:\2025\2025_12\LLM\RAG\EldenRing_RAG\data\game_images\20251203_151414\page_38_6.jpg,
E:\2025\2025_12\LLM\RAG\EldenRing_RAG\data\game_images\20251203_151414\page_38_7.jpg,
E:\2025\2025_12\LLM\RAG\EldenRing_RAG\data\game_images\20251203_151414\page_38_8.jpg,
E:\2025\2025_12\LLM\RAG\EldenRing_RAG\data\game_images\20251203_151414\page_39_1.jpg,
E:\2025\2025_12\LLM\RAG\EldenRing_RAG\data\game_images\20251203_151414\page_39_2.jpg,
E:\2025\2025_12\LLM\RAG\EldenRing_RAG\data\game_images\20251203_151414\page_39_3.jpg,
E:\2025\2025_12\LLM\RAG\EldenRing_RAG\data\game_images\20251203_151414\page_39_4.jpg,
E:\2025\2025_12\LLM\RAG\EldenRing_RAG\data\game_images\20251203_151414\page_3_1.jpg,卢克斯废墟 地图 废墟内有个粪金龟可得战灰
E:\2025\2025_12\LLM\RAG\EldenRing_RAG\data\game_images\20251203_151414\page_3_2.jpg,卢克斯废墟内的地洞击败“亚人女王”姬丽卡，得到献斗剑护符。
E:\2025\2025_12\LLM\RAG\EldenRing_RAG\data\game_images\20251203_151414\page_3_3.jpg,“近黄金树的山丘”赐福点附近捡到【黄金种子】，赐福点北面不远见到米莉森，她说玛莲妮亚在北方，还说如果她手没断，就会报答你的恩情。
E:\2025\2025_12\LLM\RAG\EldenRing_RAG\data\game_images\20251203_151414\page_3_4.jpg,地图 此位置可以遇到古龙”兰斯桑克斯 打掉少量血它就会跑掉。
E:\2025\2025_12\LLM\RAG\EldenRing_RAG\data\game_images\20251203_151414\page_40_1.jpg,
E:\2025\2025_12\LLM\RAG\EldenRing_RAG\data\game_images\20251203_151414\page_40_2.jpg,
E:\2025\2025_12\LLM\RAG\EldenRing_RAG\data\game_images\20251203_151414\page_40_3.jpg,
E:\2025\2025_12\LLM\RAG\EldenRing_RAG\data\game_images\20251203_151414\page_40_4.jpg,
E:\2025\2025_12\LLM\RAG\EldenRing_RAG\data\game_images\20251203_151414\page_40_5.jpg,
E:\2025\2025_12\LLM\RAG\EldenRing_RAG\data\game_images\20251203_151414\page_41_1.jpg,
E:\2025\2025_12\LLM\RAG\EldenRing_RAG\data\game_images\20251203_151414\page_41_2.jpg,
E:\2025\2025_12\LLM\RAG\EldenRing_RAG\data\game_images\20251203_151414\page_41_3.jpg,
E:\2025\2025_12\LLM\RAG\EldenRing_RAG\data\game_images\20251203_151414\page_41_4.jpg,
E:\2025\2025_12\LLM\RAG\EldenRing_RAG\data\game_images\20251203_151414\page_41_5.jpg,
E:\2025\2025_12\LLM\RAG\EldenRing_RAG\data\game_images\20251203_151414\page_41_6.jpg,
E:\2025\2025_12\LLM\RAG\EldenRing_RAG\data\game_images\20251203_151414\page_41_7.jpg,
E:\2025\2025_12\LLM\RAG\EldenRing_RAG\data\game_images\20251203_151414\page_42_1.jpg,
E:\2025\2025_12\LLM\RAG\EldenRing_RAG\data\game_images\20251203_151414\page_42_2.jpg,
E:\2025\2025_12\LLM\RAG\EldenRing_RAG\data\game_images\20251203_151414\page_42_3.jpg,
E:\2025\2025_12\LLM\RAG\EldenRing_RAG\data\game_images\20251203_151414\page_42_4.jpg,
E:\2025\2025_12\LLM\RAG\EldenRing_RAG\data\game_images\20251203_151414\page_42_5.jpg,
E:\2025\2025_12\LLM\RAG\EldenRing_RAG\data\game_images\20251203_151414\page_43_1.jpg,
E:\2025\2025_12\LLM\RAG\EldenRing_RAG\data\game_images\20251203_151414\page_43_10.jpg,
E:\2025\2025_12\LLM\RAG\EldenRing_RAG\data\game_images\20251203_151414\page_43_2.jpg,
E:\2025\2025_12\LLM\RAG\EldenRing_RAG\data\game_images\20251203_151414\page_43_3.jpg,
E:\2025\2025_12\LLM\RAG\EldenRing_RAG\data\game_images\20251203_151414\page_43_4.jpg,
E:\2025\2025_12\LLM\RAG\EldenRing_RAG\data\game_images\20251203_151414\page_43_5.jpg,
E:\2025\2025_12\LLM\RAG\EldenRing_RAG\data\game_images\20251203_151414\page_43_6.jpg,
E:\2025\2025_12\LLM\RAG\EldenRing_RAG\data\game_images\20251203_151414\page_43_7.jpg,
E:\2025\2025_12\LLM\RAG\EldenRing_RAG\data\game_images\20251203_151414\page_43_8.jpg,
E:\2025\2025_12\LLM\RAG\EldenRing_RAG\data\game_images\20251203_151414\page_43_9.jpg,
E:\2025\2025_12\LLM\RAG\EldenRing_RAG\data\game_images\20251203_151414\page_44_1.jpg,
E:\2025\2025_12\LLM\RAG\EldenRing_RAG\data\game_images\20251203_151414\page_44_2.jpg,
E:\2025\2025_12\LLM\RAG\EldenRing_RAG\data\game_images\20251203_151414\page_44_3.jpg,
E:\2025\2025_12\LLM\RAG\EldenRing_RAG\data\game_images\20251203_151414\page_44_4.jpg,
E:\2025\2025_12\LLM\RAG\EldenRing_RAG\data\game_images\20251203_151414\page_44_5.jpg,
E:\2025\2025_12\LLM\RAG\EldenRing_RAG\data\game_images\20251203_151414\page_44_6.jpg,
E:\2025\2025_12\LLM\RAG\EldenRing_RAG\data\game_images\20251203_151414\page_44_7.jpg,
E:\2025\2025_12\LLM\RAG\EldenRing_RAG\data\game_images\20251203_151414\page_45_1.jpg,
E:\2025\2025_12\LLM\RAG\EldenRing_RAG\data\game_images\20251203_151414\page_45_10.jpg,
E:\2025\2025_12\LLM\RAG\EldenRing_RAG\data\game_images\20251203_151414\page_45_11.jpg,
E:\2025\2025_12\LLM\RAG\EldenRing_RAG\data\game_images\20251203_151414\page_45_12.jpg,
E:\2025\2025_12\LLM\RAG\EldenRing_RAG\data\game_images\20251203_151414\page_45_13.jpg,
E:\2025\2025_12\LLM\RAG\EldenRing_RAG\data\game_images\20251203_151414\page_45_2.jpg,
E:\2025\2025_12\LLM\RAG\EldenRing_RAG\data\game_images\20251203_151414\page_45_3.jpg,
E:\2025\2025_12\LLM\RAG\EldenRing_RAG\data\game_images\20251203_151414\page_45_4.jpg,
E:\2025\2025_12\LLM\RAG\EldenRing_RAG\data\game_images\20251203_151414\page_45_5.jpg,
E:\2025\2025_12\LLM\RAG\EldenRing_RAG\data\game_images\20251203_151414\page_45_6.jpg,
E:\2025\2025_12\LLM\RAG\EldenRing_RAG\data\game_images\20251203_151414\page_45_7.jpg,
E:\2025\2025_12\LLM\RAG\EldenRing_RAG\data\game_images\20251203_151414\page_45_8.jpg,
E:\2025\2025_12\LLM\RAG\EldenRing_RAG\data\game_images\20251203_151414\page_45_9.jpg,
E:\2025\2025_12\LLM\RAG\EldenRing_RAG\data\game_images\20251203_151414\page_46_1.jpg,
E:\2025\2025_12\LLM\RAG\EldenRing_RAG\data\game_images\20251203_151414\page_46_10.jpg,
E:\2025\2025_12\LLM\RAG\EldenRing_RAG\data\game_images\20251203_151414\page_46_2.jpg,
E:\2025\2025_12\LLM\RAG\EldenRing_RAG\data\game_images\20251203_151414\page_46_3.jpg,
E:\2025\2025_12\LLM\RAG\EldenRing_RAG\data\game_images\20251203_151414\page_46_4.jpg,
E:\2025\2025_12\LLM\RAG\EldenRing_RAG\data\game_images\20251203_151414\page_46_5.jpg,
E:\2025\2025_12\LLM\RAG\EldenRing_RAG\data\game_images\20251203_151414\page_46_6.jpg,
E:\2025\2025_12\LLM\RAG\EldenRing_RAG\data\game_images\20251203_151414\page_46_7.jpg,
E:\2025\2025_12\LLM\RAG\EldenRing_RAG\data\game_images\20251203_151414\page_46_8.jpg,
E:\2025\2025_12\LLM\RAG\EldenRing_RAG\data\game_images\20251203_151414\page_46_9.jpg,
E:\2025\2025_12\LLM\RAG\EldenRing_RAG\data\game_images\20251203_151414\page_47_1.jpg,
E:\2025\2025_12\LLM\RAG\EldenRing_RAG\data\game_images\20251203_151414\page_47_2.jpg,
E:\2025\2025_12\LLM\RAG\EldenRing_RAG\data\game_images\20251203_151414\page_47_3.jpg,
E:\2025\2025_12\LLM\RAG\EldenRing_RAG\data\game_images\20251203_151414\page_47_4.jpg,
E:\2025\2025_12\LLM\RAG\EldenRing_RAG\data\game_images\20251203_151414\page_47_5.jpg,
E:\2025\2025_12\LLM\RAG\EldenRing_RAG\data\game_images\20251203_151414\page_47_6.jpg,
E:\2025\2025_12\LLM\RAG\EldenRing_RAG\data\game_images\20251203_151414\page_47_7.jpg,
E:\2025\2025_12\LLM\RAG\EldenRing_RAG\data\game_images\20251203_151414\page_48_1.jpg,
E:\2025\2025_12\LLM\RAG\EldenRing_RAG\data\game_images\20251203_151414\page_48_10.jpg,
E:\2025\2025_12\LLM\RAG\EldenRing_RAG\data\game_images\20251203_151414\page_48_2.jpg,
E:\2025\2025_12\LLM\RAG\EldenRing_RAG\data\game_images\20251203_151414\page_48_3.jpg,
E:\2025\2025_12\LLM\RAG\EldenRing_RAG\data\game_images\20251203_151414\page_48_4.jpg,
E:\2025\2025_12\LLM\RAG\EldenRing_RAG\data\game_images\20251203_151414\page_48_5.jpg,
E:\2025\2025_12\LLM\RAG\EldenRing_RAG\data\game_images\20251203_151414\page_48_6.jpg,
E:\2025\2025_12\LLM\RAG\EldenRing_RAG\data\game_images\20251203_151414\page_48_7.jpg,
E:\2025\2025_12\LLM\RAG\EldenRing_RAG\data\game_images\20251203_151414\page_48_8.jpg,
E:\2025\2025_12\LLM\RAG\EldenRing_RAG\data\game_images\20251203_151414\page_48_9.jpg,
E:\2025\2025_12\LLM\RAG\EldenRing_RAG\data\game_images\20251203_151414\page_49_1.jpg,
E:\2025\2025_12\LLM\RAG\EldenRing_RAG\data\game_images\20251203_151414\page_49_2.jpg,
E:\2025\2025_12\LLM\RAG\EldenRing_RAG\data\game_images\20251203_151414\page_49_3.jpg,
E:\2025\2025_12\LLM\RAG\EldenRing_RAG\data\game_images\20251203_151414\page_49_4.jpg,
E:\2025\2025_12\LLM\RAG\EldenRing_RAG\data\game_images\20251203_151414\page_4_1.jpg,地图 亚坛高原-调香师的废墟
E:\2025\2025_12\LLM\RAG\EldenRing_RAG\data\game_images\20251203_151414\page_4_2.jpg,废墟里捡到恶兆猎人套装、调香瓶，宝箱里有制作笔记。
E:\2025\2025_12\LLM\RAG\EldenRing_RAG\data\game_images\20251203_151414\page_4_3.jpg,进入地洞，宝箱里拿到调香师护符。
E:\2025\2025_12\LLM\RAG\EldenRing_RAG\data\game_images\20251203_151414\page_50_1.jpg,
E:\2025\2025_12\LLM\RAG\EldenRing_RAG\data\game_images\20251203_151414\page_50_2.jpg,
E:\2025\2025_12\LLM\RAG\EldenRing_RAG\data\game_images\20251203_151414\page_50_3.jpg,
E:\2025\2025_12\LLM\RAG\EldenRing_RAG\data\game_images\20251203_151414\page_50_4.jpg,
E:\2025\2025_12\LLM\RAG\EldenRing_RAG\data\game_images\20251203_151414\page_51_1.jpg,
E:\2025\2025_12\LLM\RAG\EldenRing_RAG\data\game_images\20251203_151414\page_51_2.jpg,
E:\2025\2025_12\LLM\RAG\EldenRing_RAG\data\game_images\20251203_151414\page_52_1.jpg,
E:\2025\2025_12\LLM\RAG\EldenRing_RAG\data\game_images\20251203_151414\page_52_2.jpg,
E:\2025\2025_12\LLM\RAG\EldenRing_RAG\data\game_images\20251203_151414\page_52_3.jpg,
E:\2025\2025_12\LLM\RAG\EldenRing_RAG\data\game_images\20251203_151414\page_53_1.jpg,
E:\2025\2025_12\LLM\RAG\EldenRing_RAG\data\game_images\20251203_151414\page_53_2.jpg,
E:\2025\2025_12\LLM\RAG\EldenRing_RAG\data\game_images\20251203_151414\page_54_1.jpg,
E:\2025\2025_12\LLM\RAG\EldenRing_RAG\data\game_images\20251203_151414\page_54_2.jpg,
E:\2025\2025_12\LLM\RAG\EldenRing_RAG\data\game_images\20251203_151414\page_54_3.jpg,
E:\2025\2025_12\LLM\RAG\EldenRing_RAG\data\game_images\20251203_151414\page_55_1.jpg,
E:\2025\2025_12\LLM\RAG\EldenRing_RAG\data\game_images\20251203_151414\page_55_2.jpg,
E:\2025\2025_12\LLM\RAG\EldenRing_RAG\data\game_images\20251203_151414\page_55_3.jpg,
E:\2025\2025_12\LLM\RAG\EldenRing_RAG\data\game_images\20251203_151414\page_55_4.jpg,
E:\2025\2025_12\LLM\RAG\EldenRing_RAG\data\game_images\20251203_151414\page_55_5.jpg,
E:\2025\2025_12\LLM\RAG\EldenRing_RAG\data\game_images\20251203_151414\page_55_6.jpg,
E:\2025\2025_12\LLM\RAG\EldenRing_RAG\data\game_images\20251203_151414\page_55_7.jpg,
E:\2025\2025_12\LLM\RAG\EldenRing_RAG\data\game_images\20251203_151414\page_55_8.jpg,
E:\2025\2025_12\LLM\RAG\EldenRing_RAG\data\game_images\20251203_151414\page_55_9.jpg,
E:\2025\2025_12\LLM\RAG\EldenRing_RAG\data\game_images\20251203_151414\page_56_1.jpg,
E:\2025\2025_12\LLM\RAG\EldenRing_RAG\data\game_images\20251203_151414\page_56_2.jpg,
E:\2025\2025_12\LLM\RAG\EldenRing_RAG\data\game_images\20251203_151414\page_56_3.jpg,
E:\2025\2025_12\LLM\RAG\EldenRing_RAG\data\game_images\20251203_151414\page_56_4.jpg,
E:\2025\2025_12\LLM\RAG\EldenRing_RAG\data\game_images\20251203_151414\page_57_1.jpg,
E:\2025\2025_12\LLM\RAG\EldenRing_RAG\data\game_images\20251203_151414\page_57_2.jpg,
E:\2025\2025_12\LLM\RAG\EldenRing_RAG\data\game_images\20251203_151414\page_57_3.jpg,
E:\2025\2025_12\LLM\RAG\EldenRing_RAG\data\game_images\20251203_151414\page_57_4.jpg,
E:\2025\2025_12\LLM\RAG\EldenRing_RAG\data\game_images\20251203_151414\page_58_1.jpg,
E:\2025\2025_12\LLM\RAG\EldenRing_RAG\data\game_images\20251203_151414\page_58_2.jpg,
E:\2025\2025_12\LLM\RAG\EldenRing_RAG\data\game_images\20251203_151414\page_59_1.jpg,
E:\2025\2025_12\LLM\RAG\EldenRing_RAG\data\game_images\20251203_151414\page_59_2.jpg,
E:\2025\2025_12\LLM\RAG\EldenRing_RAG\data\game_images\20251203_151414\page_59_3.jpg,
E:\2025\2025_12\LLM\RAG\EldenRing_RAG\data\game_images\20251203_151414\page_5_1.jpg,
E:\2025\2025_12\LLM\RAG\EldenRing_RAG\data\game_images\20251203_151414\page_5_2.jpg,地图 亚坛高原-丑恶地下墓地
E:\2025\2025_12\LLM\RAG\EldenRing_RAG\data\game_images\20251203_151414\page_5_3.jpg,使用石剑钥匙进入墓地。
E:\2025\2025_12\LLM\RAG\EldenRing_RAG\data\game_images\20251203_151414\page_5_4.jpg,一直往深处走，下拐角楼梯后继续往前是BOSS房。而右拐跳下去，尸体堆旁捡到带翼混种的骨灰，然后走上楼梯扳动拉杆。
E:\2025\2025_12\LLM\RAG\EldenRing_RAG\data\game_images\20251203_151414\page_60_1.jpg,扳动拉杆这一层，可捡到卢恩弯弧、唤声泥颅。
E:\2025\2025_12\LLM\RAG\EldenRing_RAG\data\game_images\20251203_151414\page_60_10.jpg,最后击败调香师托莉夏、混种战士得到调香师托莉夏的骨灰。
E:\2025\2025_12\LLM\RAG\EldenRing_RAG\data\game_images\20251203_151414\page_60_2.jpg,
E:\2025\2025_12\LLM\RAG\EldenRing_RAG\data\game_images\20251203_151414\page_60_3.jpg,
E:\2025\2025_12\LLM\RAG\EldenRing_RAG\data\game_images\20251203_151414\page_60_4.jpg,
E:\2025\2025_12\LLM\RAG\EldenRing_RAG\data\game_images\20251203_151414\page_60_5.jpg,
E:\2025\2025_12\LLM\RAG\EldenRing_RAG\data\game_images\20251203_151414\page_60_6.jpg,
E:\2025\2025_12\LLM\RAG\EldenRing_RAG\data\game_images\20251203_151414\page_60_7.jpg,
E:\2025\2025_12\LLM\RAG\EldenRing_RAG\data\game_images\20251203_151414\page_60_8.jpg,
E:\2025\2025_12\LLM\RAG\EldenRing_RAG\data\game_images\20251203_151414\page_60_9.jpg,
E:\2025\2025_12\LLM\RAG\EldenRing_RAG\data\game_images\20251203_151414\page_61_1.jpg,
E:\2025\2025_12\LLM\RAG\EldenRing_RAG\data\game_images\20251203_151414\page_61_10.jpg,
E:\2025\2025_12\LLM\RAG\EldenRing_RAG\data\game_images\20251203_151414\page_61_11.jpg,
E:\2025\2025_12\LLM\RAG\EldenRing_RAG\data\game_images\20251203_151414\page_61_12.jpg,
E:\2025\2025_12\LLM\RAG\EldenRing_RAG\data\game_images\20251203_151414\page_61_2.jpg,
E:\2025\2025_12\LLM\RAG\EldenRing_RAG\data\game_images\20251203_151414\page_61_3.jpg,
E:\2025\2025_12\LLM\RAG\EldenRing_RAG\data\game_images\20251203_151414\page_61_4.jpg,
E:\2025\2025_12\LLM\RAG\EldenRing_RAG\data\game_images\20251203_151414\page_61_5.jpg,
E:\2025\2025_12\LLM\RAG\EldenRing_RAG\data\game_images\20251203_151414\page_61_6.jpg,
E:\2025\2025_12\LLM\RAG\EldenRing_RAG\data\game_images\20251203_151414\page_61_7.jpg,
E:\2025\2025_12\LLM\RAG\EldenRing_RAG\data\game_images\20251203_151414\page_61_8.jpg,
E:\2025\2025_12\LLM\RAG\EldenRing_RAG\data\game_images\20251203_151414\page_61_9.jpg,
E:\2025\2025_12\LLM\RAG\EldenRing_RAG\data\game_images\20251203_151414\page_62_1.jpg,
E:\2025\2025_12\LLM\RAG\EldenRing_RAG\data\game_images\20251203_151414\page_62_2.jpg,
E:\2025\2025_12\LLM\RAG\EldenRing_RAG\data\game_images\20251203_151414\page_62_3.jpg,
E:\2025\2025_12\LLM\RAG\EldenRing_RAG\data\game_images\20251203_151414\page_63_1.jpg,
E:\2025\2025_12\LLM\RAG\EldenRing_RAG\data\game_images\20251203_151414\page_63_2.jpg,
E:\2025\2025_12\LLM\RAG\EldenRing_RAG\data\game_images\20251203_151414\page_63_3.jpg,
E:\2025\2025_12\LLM\RAG\EldenRing_RAG\data\game_images\20251203_151414\page_63_4.jpg,
E:\2025\2025_12\LLM\RAG\EldenRing_RAG\data\game_images\20251203_151414\page_63_5.jpg,
E:\2025\2025_12\LLM\RAG\EldenRing_RAG\data\game_images\20251203_151414\page_63_6.jpg,
E:\2025\2025_12\LLM\RAG\EldenRing_RAG\data\game_images\20251203_151414\page_63_7.jpg,
E:\2025\2025_12\LLM\RAG\EldenRing_RAG\data\game_images\20251203_151414\page_64_1.jpg,
E:\2025\2025_12\LLM\RAG\EldenRing_RAG\data\game_images\20251203_151414\page_64_10.jpg,
E:\2025\2025_12\LLM\RAG\EldenRing_RAG\data\game_images\20251203_151414\page_64_11.jpg,
E:\2025\2025_12\LLM\RAG\EldenRing_RAG\data\game_images\20251203_151414\page_64_12.jpg,
E:\2025\2025_12\LLM\RAG\EldenRing_RAG\data\game_images\20251203_151414\page_64_13.jpg,
E:\2025\2025_12\LLM\RAG\EldenRing_RAG\data\game_images\20251203_151414\page_64_14.jpg,
E:\2025\2025_12\LLM\RAG\EldenRing_RAG\data\game_images\20251203_151414\page_64_15.jpg,
E:\2025\2025_12\LLM\RAG\EldenRing_RAG\data\game_images\20251203_151414\page_64_2.jpg,
E:\2025\2025_12\LLM\RAG\EldenRing_RAG\data\game_images\20251203_151414\page_64_3.jpg,
E:\2025\2025_12\LLM\RAG\EldenRing_RAG\data\game_images\20251203_151414\page_64_4.jpg,
E:\2025\2025_12\LLM\RAG\EldenRing_RAG\data\game_images\20251203_151414\page_64_5.jpg,
E:\2025\2025_12\LLM\RAG\EldenRing_RAG\data\game_images\20251203_151414\page_64_6.jpg,
E:\2025\2025_12\LLM\RAG\EldenRing_RAG\data\game_images\20251203_151414\page_64_7.jpg,
E:\2025\2025_12\LLM\RAG\EldenRing_RAG\data\game_images\20251203_151414\page_64_8.jpg,
E:\2025\2025_12\LLM\RAG\EldenRing_RAG\data\game_images\20251203_151414\page_64_9.jpg,
E:\2025\2025_12\LLM\RAG\EldenRing_RAG\data\game_images\20251203_151414\page_65_1.jpg,
E:\2025\2025_12\LLM\RAG\EldenRing_RAG\data\game_images\20251203_151414\page_65_10.jpg,
E:\2025\2025_12\LLM\RAG\EldenRing_RAG\data\game_images\20251203_151414\page_65_11.jpg,
E:\2025\2025_12\LLM\RAG\EldenRing_RAG\data\game_images\20251203_151414\page_65_12.jpg,
E:\2025\2025_12\LLM\RAG\EldenRing_RAG\data\game_images\20251203_151414\page_65_13.jpg,
E:\2025\2025_12\LLM\RAG\EldenRing_RAG\data\game_images\20251203_151414\page_65_2.jpg,
E:\2025\2025_12\LLM\RAG\EldenRing_RAG\data\game_images\20251203_151414\page_65_3.jpg,
E:\2025\2025_12\LLM\RAG\EldenRing_RAG\data\game_images\20251203_151414\page_65_4.jpg,
E:\2025\2025_12\LLM\RAG\EldenRing_RAG\data\game_images\20251203_151414\page_65_5.jpg,
E:\2025\2025_12\LLM\RAG\EldenRing_RAG\data\game_images\20251203_151414\page_65_6.jpg,
E:\2025\2025_12\LLM\RAG\EldenRing_RAG\data\game_images\20251203_151414\page_65_7.jpg,
E:\2025\2025_12\LLM\RAG\EldenRing_RAG\data\game_images\20251203_151414\page_65_8.jpg,
E:\2025\2025_12\LLM\RAG\EldenRing_RAG\data\game_images\20251203_151414\page_65_9.jpg,
E:\2025\2025_12\LLM\RAG\EldenRing_RAG\data\game_images\20251203_151414\page_66_1.jpg,
E:\2025\2025_12\LLM\RAG\EldenRing_RAG\data\game_images\20251203_151414\page_66_2.jpg,
E:\2025\2025_12\LLM\RAG\EldenRing_RAG\data\game_images\20251203_151414\page_66_3.jpg,
E:\2025\2025_12\LLM\RAG\EldenRing_RAG\data\game_images\20251203_151414\page_66_4.jpg,
E:\2025\2025_12\LLM\RAG\EldenRing_RAG\data\game_images\20251203_151414\page_67_1.jpg,
E:\2025\2025_12\LLM\RAG\EldenRing_RAG\data\game_images\20251203_151414\page_67_2.jpg,
E:\2025\2025_12\LLM\RAG\EldenRing_RAG\data\game_images\20251203_151414\page_67_3.jpg,
E:\2025\2025_12\LLM\RAG\EldenRing_RAG\data\game_images\20251203_151414\page_67_4.jpg,
E:\2025\2025_12\LLM\RAG\EldenRing_RAG\data\game_images\20251203_151414\page_67_5.jpg,
E:\2025\2025_12\LLM\RAG\EldenRing_RAG\data\game_images\20251203_151414\page_67_6.jpg,
E:\2025\2025_12\LLM\RAG\EldenRing_RAG\data\game_images\20251203_151414\page_67_7.jpg,
E:\2025\2025_12\LLM\RAG\EldenRing_RAG\data\game_images\20251203_151414\page_67_8.jpg,
E:\2025\2025_12\LLM\RAG\EldenRing_RAG\data\game_images\20251203_151414\page_68_1.jpg,
E:\2025\2025_12\LLM\RAG\EldenRing_RAG\data\game_images\20251203_151414\page_68_10.jpg,
E:\2025\2025_12\LLM\RAG\EldenRing_RAG\data\game_images\20251203_151414\page_68_2.jpg,
E:\2025\2025_12\LLM\RAG\EldenRing_RAG\data\game_images\20251203_151414\page_68_3.jpg,
E:\2025\2025_12\LLM\RAG\EldenRing_RAG\data\game_images\20251203_151414\page_68_4.jpg,
E:\2025\2025_12\LLM\RAG\EldenRing_RAG\data\game_images\20251203_151414\page_68_5.jpg,
E:\2025\2025_12\LLM\RAG\EldenRing_RAG\data\game_images\20251203_151414\page_68_6.jpg,
E:\2025\2025_12\LLM\RAG\EldenRing_RAG\data\game_images\20251203_151414\page_68_7.jpg,
E:\2025\2025_12\LLM\RAG\EldenRing_RAG\data\game_images\20251203_151414\page_68_8.jpg,
E:\2025\2025_12\LLM\RAG\EldenRing_RAG\data\game_images\20251203_151414\page_68_9.jpg,
E:\2025\2025_12\LLM\RAG\EldenRing_RAG\data\game_images\20251203_151414\page_69_1.jpg,
E:\2025\2025_12\LLM\RAG\EldenRing_RAG\data\game_images\20251203_151414\page_69_2.jpg,
E:\2025\2025_12\LLM\RAG\EldenRing_RAG\data\game_images\20251203_151414\page_69_3.jpg,
E:\2025\2025_12\LLM\RAG\EldenRing_RAG\data\game_images\20251203_151414\page_69_4.jpg,
E:\2025\2025_12\LLM\RAG\EldenRing_RAG\data\game_images\20251203_151414\page_6_1.jpg,
E:\2025\2025_12\LLM\RAG\EldenRing_RAG\data\game_images\20251203_151414\page_6_2.jpg,地图 亚坛高原-贤者的洞窟
E:\2025\2025_12\LLM\RAG\EldenRing_RAG\data\game_images\20251203_151414\page_6_3.jpg,一开始直走，砍开面前的隐藏门。往前走见到瀑布右拐，里面是隐藏门。
E:\2025\2025_12\LLM\RAG\EldenRing_RAG\data\game_images\20251203_151414\page_6_4.jpg,一路搜刮宝箱，可捡到失力战灰、石剑钥匙、猛禽钩爪等。在拿失力战灰处的两个宝箱后，往前走时注意左侧有隐藏门，里面有四个宝箱。
E:\2025\2025_12\LLM\RAG\EldenRing_RAG\data\game_images\20251203_151414\page_70_1.jpg,再次见到瀑布时左拐，直走下去是BOSS房，击败黑刀刺客得到护符隐身面纱。（后面在王城的一个商人处可买到哨兵火把破他隐身，但是现在也能打，叫骨灰帮忙或者留意地上的水花判断他的位置）而面对瀑布的左侧洞里有隐藏门，里面搜刮宝箱得到猛禽黑羽、亡骨面具。宝箱旁还有隐藏门，砍开发现隐藏BOSS，击败死术师哥瑞斯得到家人头连枷。
E:\2025\2025_12\LLM\RAG\EldenRing_RAG\data\game_images\20251203_151414\page_70_2.jpg,
E:\2025\2025_12\LLM\RAG\EldenRing_RAG\data\game_images\20251203_151414\page_70_3.jpg,
E:\2025\2025_12\LLM\RAG\EldenRing_RAG\data\game_images\20251203_151414\page_70_4.jpg,
E:\2025\2025_12\LLM\RAG\EldenRing_RAG\data\game_images\20251203_151414\page_70_5.jpg,
E:\2025\2025_12\LLM\RAG\EldenRing_RAG\data\game_images\20251203_151414\page_70_6.jpg,
E:\2025\2025_12\LLM\RAG\EldenRing_RAG\data\game_images\20251203_151414\page_70_7.jpg,
E:\2025\2025_12\LLM\RAG\EldenRing_RAG\data\game_images\20251203_151414\page_70_8.jpg,
E:\2025\2025_12\LLM\RAG\EldenRing_RAG\data\game_images\20251203_151414\page_71_1.jpg,
E:\2025\2025_12\LLM\RAG\EldenRing_RAG\data\game_images\20251203_151414\page_71_2.jpg,
E:\2025\2025_12\LLM\RAG\EldenRing_RAG\data\game_images\20251203_151414\page_71_3.jpg,
E:\2025\2025_12\LLM\RAG\EldenRing_RAG\data\game_images\20251203_151414\page_71_4.jpg,
E:\2025\2025_12\LLM\RAG\EldenRing_RAG\data\game_images\20251203_151414\page_71_5.jpg,
E:\2025\2025_12\LLM\RAG\EldenRing_RAG\data\game_images\20251203_151414\page_71_6.jpg,
E:\2025\2025_12\LLM\RAG\EldenRing_RAG\data\game_images\20251203_151414\page_71_7.jpg,
E:\2025\2025_12\LLM\RAG\EldenRing_RAG\data\game_images\20251203_151414\page_72_1.jpg,
E:\2025\2025_12\LLM\RAG\EldenRing_RAG\data\game_images\20251203_151414\page_72_2.jpg,
E:\2025\2025_12\LLM\RAG\EldenRing_RAG\data\game_images\20251203_151414\page_72_3.jpg,
E:\2025\2025_12\LLM\RAG\EldenRing_RAG\data\game_images\20251203_151414\page_72_4.jpg,
E:\2025\2025_12\LLM\RAG\EldenRing_RAG\data\game_images\20251203_151414\page_73_1.jpg,
E:\2025\2025_12\LLM\RAG\EldenRing_RAG\data\game_images\20251203_151414\page_73_2.jpg,
E:\2025\2025_12\LLM\RAG\EldenRing_RAG\data\game_images\20251203_151414\page_74_1.jpg,
E:\2025\2025_12\LLM\RAG\EldenRing_RAG\data\game_images\20251203_151414\page_74_2.jpg,
E:\2025\2025_12\LLM\RAG\EldenRing_RAG\data\game_images\20251203_151414\page_74_3.jpg,
E:\2025\2025_12\LLM\RAG\EldenRing_RAG\data\game_images\20251203_151414\page_75_1.jpg,
E:\2025\2025_12\LLM\RAG\EldenRing_RAG\data\game_images\20251203_151414\page_75_2.jpg,
E:\2025\2025_12\LLM\RAG\EldenRing_RAG\data\game_images\20251203_151414\page_75_3.jpg,
E:\2025\2025_12\LLM\RAG\EldenRing_RAG\data\game_images\20251203_151414\page_75_4.jpg,
E:\2025\2025_12\LLM\RAG\EldenRing_RAG\data\game_images\20251203_151414\page_75_5.jpg,
E:\2025\2025_12\LLM\RAG\EldenRing_RAG\data\game_images\20251203_151414\page_75_6.jpg,
E:\2025\2025_12\LLM\RAG\EldenRing_RAG\data\game_images\20251203_151414\page_75_7.jpg,
E:\2025\2025_12\LLM\RAG\EldenRing_RAG\data\game_images\20251203_151414\page_75_8.jpg,
E:\2025\2025_12\LLM\RAG\EldenRing_RAG\data\game_images\20251203_151414\page_75_9.jpg,
E:\2025\2025_12\LLM\RAG\EldenRing_RAG\data\game_images\20251203_151414\page_76_1.jpg,
E:\2025\2025_12\LLM\RAG\EldenRing_RAG\data\game_images\20251203_151414\page_76_2.jpg,
E:\2025\2025_12\LLM\RAG\EldenRing_RAG\data\game_images\20251203_151414\page_76_3.jpg,
E:\2025\2025_12\LLM\RAG\EldenRing_RAG\data\game_images\20251203_151414\page_76_4.jpg,
E:\2025\2025_12\LLM\RAG\EldenRing_RAG\data\game_images\20251203_151414\page_76_5.jpg,
E:\2025\2025_12\LLM\RAG\EldenRing_RAG\data\game_images\20251203_151414\page_76_6.jpg,
E:\2025\2025_12\LLM\RAG\EldenRing_RAG\data\game_images\20251203_151414\page_76_7.jpg,
E:\2025\2025_12\LLM\RAG\EldenRing_RAG\data\game_images\20251203_151414\page_77_1.jpg,
E:\2025\2025_12\LLM\RAG\EldenRing_RAG\data\game_images\20251203_151414\page_77_2.jpg,
E:\2025\2025_12\LLM\RAG\EldenRing_RAG\data\game_images\20251203_151414\page_77_3.jpg,
E:\2025\2025_12\LLM\RAG\EldenRing_RAG\data\game_images\20251203_151414\page_77_4.jpg,
E:\2025\2025_12\LLM\RAG\EldenRing_RAG\data\game_images\20251203_151414\page_77_5.jpg,
E:\2025\2025_12\LLM\RAG\EldenRing_RAG\data\game_images\20251203_151414\page_77_6.jpg,
E:\2025\2025_12\LLM\RAG\EldenRing_RAG\data\game_images\20251203_151414\page_77_7.jpg,
E:\2025\2025_12\LLM\RAG\EldenRing_RAG\data\game_images\20251203_151414\page_77_8.jpg,
E:\2025\2025_12\LLM\RAG\EldenRing_RAG\data\game_images\20251203_151414\page_78_1.jpg,
E:\2025\2025_12\LLM\RAG\EldenRing_RAG\data\game_images\20251203_151414\page_78_2.jpg,
E:\2025\2025_12\LLM\RAG\EldenRing_RAG\data\game_images\20251203_151414\page_78_3.jpg,
E:\2025\2025_12\LLM\RAG\EldenRing_RAG\data\game_images\20251203_151414\page_79_1.jpg,
E:\2025\2025_12\LLM\RAG\EldenRing_RAG\data\game_images\20251203_151414\page_79_10.jpg,
E:\2025\2025_12\LLM\RAG\EldenRing_RAG\data\game_images\20251203_151414\page_79_11.jpg,
E:\2025\2025_12\LLM\RAG\EldenRing_RAG\data\game_images\20251203_151414\page_79_12.jpg,
E:\2025\2025_12\LLM\RAG\EldenRing_RAG\data\game_images\20251203_151414\page_79_13.jpg,
E:\2025\2025_12\LLM\RAG\EldenRing_RAG\data\game_images\20251203_151414\page_79_14.jpg,
E:\2025\2025_12\LLM\RAG\EldenRing_RAG\data\game_images\20251203_151414\page_79_15.jpg,
E:\2025\2025_12\LLM\RAG\EldenRing_RAG\data\game_images\20251203_151414\page_79_16.jpg,
E:\2025\2025_12\LLM\RAG\EldenRing_RAG\data\game_images\20251203_151414\page_79_2.jpg,
E:\2025\2025_12\LLM\RAG\EldenRing_RAG\data\game_images\20251203_151414\page_79_3.jpg,
E:\2025\2025_12\LLM\RAG\EldenRing_RAG\data\game_images\20251203_151414\page_79_4.jpg,
E:\2025\2025_12\LLM\RAG\EldenRing_RAG\data\game_images\20251203_151414\page_79_5.jpg,
E:\2025\2025_12\LLM\RAG\EldenRing_RAG\data\game_images\20251203_151414\page_79_6.jpg,
E:\2025\2025_12\LLM\RAG\EldenRing_RAG\data\game_images\20251203_151414\page_79_7.jpg,
E:\2025\2025_12\LLM\RAG\EldenRing_RAG\data\game_images\20251203_151414\page_79_8.jpg,
E:\2025\2025_12\LLM\RAG\EldenRing_RAG\data\game_images\20251203_151414\page_79_9.jpg,
E:\2025\2025_12\LLM\RAG\EldenRing_RAG\data\game_images\20251203_151414\page_7_1.jpg,地图 亚坛高原-旧亚坛坑道
E:\2025\2025_12\LLM\RAG\EldenRing_RAG\data\game_images\20251203_151414\page_7_2.jpg,沿着峡谷北上，遇到空中粪金龟时小心地上有大螃蟹。最北面绿色的是日荫城，先不去。使用石剑钥匙进入旧亚坛坑道。
E:\2025\2025_12\LLM\RAG\EldenRing_RAG\data\game_images\20251203_151414\page_7_3.jpg,爬上梯子，上面的洞里拿到雷龙徽恢复、锻造石等。然后回来梯子这边往下跳。底部捡到山妖大槌、失色锻造石等。击败挖石山妖得到巨型棍棒。
E:\2025\2025_12\LLM\RAG\EldenRing_RAG\data\game_images\20251203_151414\page_80_1.jpg,
E:\2025\2025_12\LLM\RAG\EldenRing_RAG\data\game_images\20251203_151414\page_80_2.jpg,
E:\2025\2025_12\LLM\RAG\EldenRing_RAG\data\game_images\20251203_151414\page_80_3.jpg,
E:\2025\2025_12\LLM\RAG\EldenRing_RAG\data\game_images\20251203_151414\page_80_4.jpg,
E:\2025\2025_12\LLM\RAG\EldenRing_RAG\data\game_images\20251203_151414\page_80_5.jpg,
E:\2025\2025_12\LLM\RAG\EldenRing_RAG\data\game_images\20251203_151414\page_80_6.jpg,
E:\2025\2025_12\LLM\RAG\EldenRing_RAG\data\game_images\20251203_151414\page_80_7.jpg,
E:\2025\2025_12\LLM\RAG\EldenRing_RAG\data\game_images\20251203_151414\page_80_8.jpg,
E:\2025\2025_12\LLM\RAG\EldenRing_RAG\data\game_images\20251203_151414\page_81_1.jpg,
E:\2025\2025_12\LLM\RAG\EldenRing_RAG\data\game_images\20251203_151414\page_81_10.jpg,
E:\2025\2025_12\LLM\RAG\EldenRing_RAG\data\game_images\20251203_151414\page_81_11.jpg,
E:\2025\2025_12\LLM\RAG\EldenRing_RAG\data\game_images\20251203_151414\page_81_2.jpg,
E:\2025\2025_12\LLM\RAG\EldenRing_RAG\data\game_images\20251203_151414\page_81_3.jpg,
E:\2025\2025_12\LLM\RAG\EldenRing_RAG\data\game_images\20251203_151414\page_81_4.jpg,
E:\2025\2025_12\LLM\RAG\EldenRing_RAG\data\game_images\20251203_151414\page_81_5.jpg,
E:\2025\2025_12\LLM\RAG\EldenRing_RAG\data\game_images\20251203_151414\page_81_6.jpg,
E:\2025\2025_12\LLM\RAG\EldenRing_RAG\data\game_images\20251203_151414\page_81_7.jpg,
E:\2025\2025_12\LLM\RAG\EldenRing_RAG\data\game_images\20251203_151414\page_81_8.jpg,
E:\2025\2025_12\LLM\RAG\EldenRing_RAG\data\game_images\20251203_151414\page_81_9.jpg,
E:\2025\2025_12\LLM\RAG\EldenRing_RAG\data\game_images\20251203_151414\page_82_1.jpg,
E:\2025\2025_12\LLM\RAG\EldenRing_RAG\data\game_images\20251203_151414\page_82_10.jpg,
E:\2025\2025_12\LLM\RAG\EldenRing_RAG\data\game_images\20251203_151414\page_82_11.jpg,
E:\2025\2025_12\LLM\RAG\EldenRing_RAG\data\game_images\20251203_151414\page_82_12.jpg,
E:\2025\2025_12\LLM\RAG\EldenRing_RAG\data\game_images\20251203_151414\page_82_2.jpg,
E:\2025\2025_12\LLM\RAG\EldenRing_RAG\data\game_images\20251203_151414\page_82_3.jpg,
E:\2025\2025_12\LLM\RAG\EldenRing_RAG\data\game_images\20251203_151414\page_82_4.jpg,
E:\2025\2025_12\LLM\RAG\EldenRing_RAG\data\game_images\20251203_151414\page_82_5.jpg,
E:\2025\2025_12\LLM\RAG\EldenRing_RAG\data\game_images\20251203_151414\page_82_6.jpg,
E:\2025\2025_12\LLM\RAG\EldenRing_RAG\data\game_images\20251203_151414\page_82_7.jpg,
E:\2025\2025_12\LLM\RAG\EldenRing_RAG\data\game_images\20251203_151414\page_82_8.jpg,
E:\2025\2025_12\LLM\RAG\EldenRing_RAG\data\game_images\20251203_151414\page_82_9.jpg,
E:\2025\2025_12\LLM\RAG\EldenRing_RAG\data\game_images\20251203_151414\page_83_1.jpg,
E:\2025\2025_12\LLM\RAG\EldenRing_RAG\data\game_images\20251203_151414\page_83_2.jpg,
E:\2025\2025_12\LLM\RAG\EldenRing_RAG\data\game_images\20251203_151414\page_83_3.jpg,
E:\2025\2025_12\LLM\RAG\EldenRing_RAG\data\game_images\20251203_151414\page_83_4.jpg,
E:\2025\2025_12\LLM\RAG\EldenRing_RAG\data\game_images\20251203_151414\page_83_5.jpg,
E:\2025\2025_12\LLM\RAG\EldenRing_RAG\data\game_images\20251203_151414\page_83_6.jpg,
E:\2025\2025_12\LLM\RAG\EldenRing_RAG\data\game_images\20251203_151414\page_83_7.jpg,
E:\2025\2025_12\LLM\RAG\EldenRing_RAG\data\game_images\20251203_151414\page_83_8.jpg,
E:\2025\2025_12\LLM\RAG\EldenRing_RAG\data\game_images\20251203_151414\page_83_9.jpg,
E:\2025\2025_12\LLM\RAG\EldenRing_RAG\data\game_images\20251203_151414\page_84_1.jpg,
E:\2025\2025_12\LLM\RAG\EldenRing_RAG\data\game_images\20251203_151414\page_84_10.jpg,
E:\2025\2025_12\LLM\RAG\EldenRing_RAG\data\game_images\20251203_151414\page_84_2.jpg,
E:\2025\2025_12\LLM\RAG\EldenRing_RAG\data\game_images\20251203_151414\page_84_3.jpg,
E:\2025\2025_12\LLM\RAG\EldenRing_RAG\data\game_images\20251203_151414\page_84_4.jpg,
E:\2025\2025_12\LLM\RAG\EldenRing_RAG\data\game_images\20251203_151414\page_84_5.jpg,
E:\2025\2025_12\LLM\RAG\EldenRing_RAG\data\game_images\20251203_151414\page_84_6.jpg,
E:\2025\2025_12\LLM\RAG\EldenRing_RAG\data\game_images\20251203_151414\page_84_7.jpg,
E:\2025\2025_12\LLM\RAG\EldenRing_RAG\data\game_images\20251203_151414\page_84_8.jpg,
E:\2025\2025_12\LLM\RAG\EldenRing_RAG\data\game_images\20251203_151414\page_84_9.jpg,
E:\2025\2025_12\LLM\RAG\EldenRing_RAG\data\game_images\20251203_151414\page_85_1.jpg,
E:\2025\2025_12\LLM\RAG\EldenRing_RAG\data\game_images\20251203_151414\page_85_2.jpg,
E:\2025\2025_12\LLM\RAG\EldenRing_RAG\data\game_images\20251203_151414\page_85_3.jpg,
E:\2025\2025_12\LLM\RAG\EldenRing_RAG\data\game_images\20251203_151414\page_85_4.jpg,
E:\2025\2025_12\LLM\RAG\EldenRing_RAG\data\game_images\20251203_151414\page_85_5.jpg,
E:\2025\2025_12\LLM\RAG\EldenRing_RAG\data\game_images\20251203_151414\page_85_6.jpg,
E:\2025\2025_12\LLM\RAG\EldenRing_RAG\data\game_images\20251203_151414\page_85_7.jpg,
E:\2025\2025_12\LLM\RAG\EldenRing_RAG\data\game_images\20251203_151414\page_85_8.jpg,
E:\2025\2025_12\LLM\RAG\EldenRing_RAG\data\game_images\20251203_151414\page_85_9.jpg,
E:\2025\2025_12\LLM\RAG\EldenRing_RAG\data\game_images\20251203_151414\page_86_1.jpg,
E:\2025\2025_12\LLM\RAG\EldenRing_RAG\data\game_images\20251203_151414\page_86_10.jpg,
E:\2025\2025_12\LLM\RAG\EldenRing_RAG\data\game_images\20251203_151414\page_86_11.jpg,
E:\2025\2025_12\LLM\RAG\EldenRing_RAG\data\game_images\20251203_151414\page_86_2.jpg,
E:\2025\2025_12\LLM\RAG\EldenRing_RAG\data\game_images\20251203_151414\page_86_3.jpg,
E:\2025\2025_12\LLM\RAG\EldenRing_RAG\data\game_images\20251203_151414\page_86_4.jpg,
E:\2025\2025_12\LLM\RAG\EldenRing_RAG\data\game_images\20251203_151414\page_86_5.jpg,
E:\2025\2025_12\LLM\RAG\EldenRing_RAG\data\game_images\20251203_151414\page_86_6.jpg,
E:\2025\2025_12\LLM\RAG\EldenRing_RAG\data\game_images\20251203_151414\page_86_7.jpg,
E:\2025\2025_12\LLM\RAG\EldenRing_RAG\data\game_images\20251203_151414\page_86_8.jpg,
E:\2025\2025_12\LLM\RAG\EldenRing_RAG\data\game_images\20251203_151414\page_86_9.jpg,
E:\2025\2025_12\LLM\RAG\EldenRing_RAG\data\game_images\20251203_151414\page_87_1.jpg,
E:\2025\2025_12\LLM\RAG\EldenRing_RAG\data\game_images\20251203_151414\page_87_2.jpg,
E:\2025\2025_12\LLM\RAG\EldenRing_RAG\data\game_images\20251203_151414\page_87_3.jpg,
E:\2025\2025_12\LLM\RAG\EldenRing_RAG\data\game_images\20251203_151414\page_87_4.jpg,
E:\2025\2025_12\LLM\RAG\EldenRing_RAG\data\game_images\20251203_151414\page_87_5.jpg,
E:\2025\2025_12\LLM\RAG\EldenRing_RAG\data\game_images\20251203_151414\page_87_6.jpg,
E:\2025\2025_12\LLM\RAG\EldenRing_RAG\data\game_images\20251203_151414\page_87_7.jpg,
E:\2025\2025_12\LLM\RAG\EldenRing_RAG\data\game_images\20251203_151414\page_88_1.jpg,
E:\2025\2025_12\LLM\RAG\EldenRing_RAG\data\game_images\20251203_151414\page_88_2.jpg,
E:\2025\2025_12\LLM\RAG\EldenRing_RAG\data\game_images\20251203_151414\page_88_3.jpg,
E:\2025\2025_12\LLM\RAG\EldenRing_RAG\data\game_images\20251203_151414\page_88_4.jpg,
E:\2025\2025_12\LLM\RAG\EldenRing_RAG\data\game_images\20251203_151414\page_88_5.jpg,
E:\2025\2025_12\LLM\RAG\EldenRing_RAG\data\game_images\20251203_151414\page_88_6.jpg,
E:\2025\2025_12\LLM\RAG\EldenRing_RAG\data\game_images\20251203_151414\page_88_7.jpg,
E:\2025\2025_12\LLM\RAG\EldenRing_RAG\data\game_images\20251203_151414\page_88_8.jpg,
E:\2025\2025_12\LLM\RAG\EldenRing_RAG\data\game_images\20251203_151414\page_88_9.jpg,
E:\2025\2025_12\LLM\RAG\EldenRing_RAG\data\game_images\20251203_151414\page_89_1.jpg,
E:\2025\2025_12\LLM\RAG\EldenRing_RAG\data\game_images\20251203_151414\page_89_2.jpg,
E:\2025\2025_12\LLM\RAG\EldenRing_RAG\data\game_images\20251203_151414\page_89_3.jpg,
E:\2025\2025_12\LLM\RAG\EldenRing_RAG\data\game_images\20251203_151414\page_89_4.jpg,
E:\2025\2025_12\LLM\RAG\EldenRing_RAG\data\game_images\20251203_151414\page_89_5.jpg,
E:\2025\2025_12\LLM\RAG\EldenRing_RAG\data\game_images\20251203_151414\page_8_1.jpg,地图 亚坛高原-亚坛大道的三叉口
E:\2025\2025_12\LLM\RAG\EldenRing_RAG\data\game_images\20251203_151414\page_8_2.jpg,三叉口南面的营地里有石剑钥匙，北面有个【黄金种子】。坐“亚坛大道的三叉口”赐福点，与梅琳娜交谈。然后发现柏克就在赐福点旁，身上带着半神的服装（比如拉塔恩狮子铠甲，圆桌厅堂找恩雅买）与柏克对话，给他黄金缝衣针（之前已在结缘教堂拿到），之后就可以修改半神的服装了。每个对话都点点，同意柏克称你为“吾王”。然后再坐赐福与梅琳娜交谈，她提示你柏克希望有人称赞他好看。
E:\2025\2025_12\LLM\RAG\EldenRing_RAG\data\game_images\20251203_151414\page_8_3.jpg,夜里在赐福点南边的道路上，击败黑夜骑兵得到战灰：共享圣律。附近有团烟雾，是个隐藏怪，击杀得到战灰：撼地。
E:\2025\2025_12\LLM\RAG\EldenRing_RAG\data\game_images\20251203_151414\page_90_1.jpg,
E:\2025\2025_12\LLM\RAG\EldenRing_RAG\data\game_images\20251203_151414\page_90_2.jpg,
E:\2025\2025_12\LLM\RAG\EldenRing_RAG\data\game_images\20251203_151414\page_90_3.jpg,
E:\2025\2025_12\LLM\RAG\EldenRing_RAG\data\game_images\20251203_151414\page_91_1.jpg,
E:\2025\2025_12\LLM\RAG\EldenRing_RAG\data\game_images\20251203_151414\page_91_2.jpg,
E:\2025\2025_12\LLM\RAG\EldenRing_RAG\data\game_images\20251203_151414\page_91_3.jpg,
E:\2025\2025_12\LLM\RAG\EldenRing_RAG\data\game_images\20251203_151414\page_91_4.jpg,
E:\2025\2025_12\LLM\RAG\EldenRing_RAG\data\game_images\20251203_151414\page_92_1.jpg,
E:\2025\2025_12\LLM\RAG\EldenRing_RAG\data\game_images\20251203_151414\page_92_2.jpg,
E:\2025\2025_12\LLM\RAG\EldenRing_RAG\data\game_images\20251203_151414\page_92_3.jpg,
E:\2025\2025_12\LLM\RAG\EldenRing_RAG\data\game_images\20251203_151414\page_92_4.jpg,
E:\2025\2025_12\LLM\RAG\EldenRing_RAG\data\game_images\20251203_151414\page_92_5.jpg,
E:\2025\2025_12\LLM\RAG\EldenRing_RAG\data\game_images\20251203_151414\page_92_6.jpg,
E:\2025\2025_12\LLM\RAG\EldenRing_RAG\data\game_images\20251203_151414\page_92_7.jpg,
E:\2025\2025_12\LLM\RAG\EldenRing_RAG\data\game_images\20251203_151414\page_92_8.jpg,
E:\2025\2025_12\LLM\RAG\EldenRing_RAG\data\game_images\20251203_151414\page_92_9.jpg,
E:\2025\2025_12\LLM\RAG\EldenRing_RAG\data\game_images\20251203_151414\page_95_1.jpg,
E:\2025\2025_12\LLM\RAG\EldenRing_RAG\data\game_images\20251203_151414\page_95_2.jpg,
E:\2025\2025_12\LLM\RAG\EldenRing_RAG\data\game_images\20251203_151414\page_95_3.jpg,
E:\2025\2025_12\LLM\RAG\EldenRing_RAG\data\game_images\20251203_151414\page_95_4.jpg,
E:\2025\2025_12\LLM\RAG\EldenRing_RAG\data\game_images\20251203_151414\page_96_1.jpg,
E:\2025\2025_12\LLM\RAG\EldenRing_RAG\data\game_images\20251203_151414\page_96_10.jpg,
E:\2025\2025_12\LLM\RAG\EldenRing_RAG\data\game_images\20251203_151414\page_96_11.jpg,
E:\2025\2025_12\LLM\RAG\EldenRing_RAG\data\game_images\20251203_151414\page_96_2.jpg,
E:\2025\2025_12\LLM\RAG\EldenRing_RAG\data\game_images\20251203_151414\page_96_3.jpg,
E:\2025\2025_12\LLM\RAG\EldenRing_RAG\data\game_images\20251203_151414\page_96_4.jpg,
E:\2025\2025_12\LLM\RAG\EldenRing_RAG\data\game_images\20251203_151414\page_96_5.jpg,
E:\2025\2025_12\LLM\RAG\EldenRing_RAG\data\game_images\20251203_151414\page_96_6.jpg,
E:\2025\2025_12\LLM\RAG\EldenRing_RAG\data\game_images\20251203_151414\page_96_7.jpg,
E:\2025\2025_12\LLM\RAG\EldenRing_RAG\data\game_images\20251203_151414\page_96_8.jpg,
E:\2025\2025_12\LLM\RAG\EldenRing_RAG\data\game_images\20251203_151414\page_96_9.jpg,
E:\2025\2025_12\LLM\RAG\EldenRing_RAG\data\game_images\20251203_151414\page_97_1.jpg,
E:\2025\2025_12\LLM\RAG\EldenRing_RAG\data\game_images\20251203_151414\page_97_2.jpg,
E:\2025\2025_12\LLM\RAG\EldenRing_RAG\data\game_images\20251203_151414\page_97_3.jpg,
E:\2025\2025_12\LLM\RAG\EldenRing_RAG\data\game_images\20251203_151414\page_97_4.jpg,
E:\2025\2025_12\LLM\RAG\EldenRing_RAG\data\game_images\20251203_151414\page_98_1.jpg,
E:\2025\2025_12\LLM\RAG\EldenRing_RAG\data\game_images\20251203_151414\page_98_2.jpg,
E:\2025\2025_12\LLM\RAG\EldenRing_RAG\data\game_images\20251203_151414\page_98_3.jpg,
E:\2025\2025_12\LLM\RAG\EldenRing_RAG\data\game_images\20251203_151414\page_99_1.jpg,
E:\2025\2025_12\LLM\RAG\EldenRing_RAG\data\game_images\20251203_151414\page_99_2.jpg,
E:\2025\2025_12\LLM\RAG\EldenRing_RAG\data\game_images\20251203_151414\page_99_3.jpg,
E:\2025\2025_12\LLM\RAG\EldenRing_RAG\data\game_images\20251203_151414\page_9_1.jpg,地图 亚坛高原-调香师的隐藏洞窟
E:\2025\2025_12\LLM\RAG\EldenRing_RAG\data\game_images\20251203_151414\page_9_2.jpg,面前是王城的入口，先不进。王城入口南面道路上，小陨石坑里有扇形重力石，在大陨石坑击败坠星兽物得到各种石头素材。王城入口北面道路尽头，找到调香师的隐藏洞窟。洞里见到大毒花，树干左侧有两个宝箱。
E:\2025\2025_12\LLM\RAG\EldenRing_RAG\data\game_images\20251203_151414\page_9_3.jpg,洞深处，小心树干上方有大蚂蚁。
E:\2025\2025_12\LLM\RAG\EldenRing_RAG\data\game_images\20251203_151414\page_9_4.jpg,树干右侧有灯光的洞窟是亚坛坑道，目前过不去。沿着树干走到头，击败恶兆猎人、“病花”米兰达得到恶兆猎人大柴刀。
